âŒš	Armbanduhr	Armbanduhr|Uhr|Zeit
âŒ›	Sanduhr	Prozess|Sanduhr|Vorgang lÃ¤uft|Zeit
â©	Doppelpfeile nach rechts	Doppelpfeil|Doppelpfeile nach rechts|Ã¼berspringen|vorwÃ¤rts|weiter
âª	ZurÃ¼ckspulen	Doppelpfeil|Doppelpfeile nach links|Dreieck|Pfeil|vorheriger Titel|zurÃ¼ck|ZurÃ¼ckspulen
â«	Doppelpfeile nach oben	aufwÃ¤rts|Doppelpfeil|Doppelpfeile nach oben|doppelt|nach oben|Pfeil
â¬	Doppelpfeile nach unten	Doppelpfeil|Doppelpfeile nach unten|doppelt abwÃ¤rts|nach unten|Pfeil
â°	Wecker	Uhr|Uhrzeit|Wecker|Zeit
â³	laufende Sanduhr	laufende Sanduhr|Laufende Sanduhr|Prozess|Sanduhr|Vorgang lÃ¤uft
â—½	mittelkleines weiÃŸes Quadrat	geometrisch|mittelkleines weiÃŸes Quadrat|Mittelkleines weiÃŸes Quadrat|Quadrat|weiÃŸ
â—¾	mittelkleines schwarzes Quadrat	mittelkleines schwarzes Quadrat|Mittelkleines schwarzes Quadrat|Quadrat|schwarz
â˜”	Regenschirm im Regen	Regen|Regenschirm|Regenschirm im Regen
â˜•	HeiÃŸgetrÃ¤nk	Cafe|dampfend|GetrÃ¤nk|heiÃŸ|HeiÃŸgetrÃ¤nk|Kaffee|Tasse|Tee|trinken
â™ˆ	Widder (Sternzeichen)	Sternzeichen|Widder|Widder (Sternzeichen)
â™‰	Stier (Sternzeichen)	Horoskop|Sternzeichen|Stier
â™Š	Zwillinge (Sternzeichen)	Horoskop|Sternzeichen|Zwilling|Zwillinge|Zwillinge (Sternzeichen)
â™‹	Krebs (Sternzeichen)	Krebs|Krebs (Sternzeichen)|Sternzeichen
â™Œ	LÃ¶we (Sternzeichen)	Horoskop|LÃ¶we|LÃ¶we (Sternzeichen)|Sternzeichen
â™	Jungfrau (Sternzeichen)	Horoskop|Jungfrau|Jungfrau (Sternzeichen)|Sternzeichen
â™	Waage (Sternzeichen)	Horoskop|Sternzeichen|Waage|Waage (Sternzeichen)
â™	Skorpion (Sternzeichen)	Horoskop|Skorpion|Skorpion (Sternzeichen)|Sternzeichen
â™	SchÃ¼tze (Sternzeichen)	SchÃ¼tze|SchÃ¼tze (Sternzeichen)|Sternzeichen
â™‘	Steinbock (Sternzeichen)	Steinbock|Steinbock (Sternzeichen)|Sternzeichen
â™’	Wassermann (Sternzeichen)	Sternzeichen|Wassermann|Wassermann (Sternzeichen)
â™“	Fische (Sternzeichen)	Fische|Fische (Sternzeichen)|Horoskop|Sternzeichen
â™¿	Symbol â€Rollstuhlâ€œ	barrierefrei|behindertengerecht|Rollstuhl|Symbol â€Rollstuhlâ€œ
âš“	Anker	Anker|Hafen|Meer
âš¡	Hochspannung	Blitz|ElektrizitÃ¤t|Gefahr|Gewitter|Hochspannung|Hochspannungszeichen|Strom
âšª	weiÃŸer Punkt	Ball|GroÃŸer weiÃŸer Kreis|Kreis|Punkt|weiÃŸ|weiÃŸer Punkt
âš«	schwarzer Punkt	Ball|GroÃŸer schwarzer Kreis|Kreis|Punkt|rund|schwarz|schwarzer Punkt
âš½	FuÃŸball	Ball|Bundesliga|FuÃŸball|Messi
âš¾	Baseball	Ball|Baseball
â›„	Schneemann ohne Schneeflocken	kalt|Schnee|Schneemann|Schneemann ohne Schneeflocken|Winter
â›…	Sonne hinter Wolke	Sonne|Sonne hinter Wolke|Wolke|wolkig
â›	SchlangentrÃ¤ger	SchlagentrÃ¤ger|SchlangentrÃ¤ger|Sternbild
â›”	Zutritt verboten	Einbahnstrasse|kein Zutritt|keine Durchfahrt|verboten|Zutritt verboten|Zutritt-verboten-Schild
â›ª	Kirche	Christ|Christentum|christlich|GebÃ¤ude|Kirche|Kreuz|Religion
â›²	Springbrunnen	Brunnen|Garten|Park|Springbrunnen
â›³	Golffahne	Golffahne|Golfplatz
â›µ	Segelboot	Boot|Segelboot
â›º	Zelt	Camping|Campingurlaub|Zelt|Zeltplatz
â›½	TanksÃ¤ule	Benzin|Tanke|tanken|TanksÃ¤ule|Tankstelle
âœ…	weiÃŸes HÃ¤kchen	abgehakt|erledigt|weiÃŸes HÃ¤kchen|WeiÃŸes HÃ¤kchen
âœŠ	erhobene Faust	erhoben|Faust|Hand|Kampf|SolidaritÃ¤t
âœ‹	erhobene Hand	5|erhoben|halt|Hand|HandflÃ¤che|high five|schlag ein|Stopp|warte
âœ¨	funkelnde Sterne	*|funkel|funkeln|funkelnde Sterne|Funkelnde Sterne|Sterne
âŒ	Kreuzzeichen	abbrechen|durchgestrichen|Kreuzzeichen|mal|Multiplikation|multiplizieren|Rotes Kreuz|x
â	angekreuztes KÃ¤stchen	angekreuztes Feld|angekreuztes KÃ¤stchen|Feld|Kreuz|Kreuzsymbol im Quadrat|Quadrat|X
â“	rotes Fragezeichen	Frage|Fragezeichen|rot|rotes Fragezeichen|Rotes Fragezeichen|Satzzeichen|warum|wieso
â”	weiÃŸes Fragezeichen	Frage|Fragezeichen|Satzzeichen|warum|weiÃŸ|weiÃŸes Fragezeichen
â•	weiÃŸes Ausrufezeichen	Ausrufezeichen|muss|Satzzeichen|weiÃŸ|weiÃŸes Ausrufezeichen
â—	rotes Ausrufezeichen	!|Ausrufezeichen|rot|Satzzeichen
â•	plus	+|addieren|mathe|Plus|Pluszeichen
â–	minus	-|âˆ’|Mathe|Minus|Minuszeichen
â—	geteilt durch	Ã·|Division|Divisionszeichen|geteilt|geteilt durch|Geteiltzeichen|Mathe
â°	Schleife	Schleife
â¿	Doppelschleife	blau|Doppelschleife|Rechteck|Schleife
â¬›	groÃŸes schwarzes Quadrat	groÃŸes schwarzes Quadrat|GroÃŸes schwarzes Quadrat|Quadrat|schwarz
â¬œ	groÃŸes weiÃŸes Quadrat	groÃŸes weiÃŸes Quadrat|GroÃŸes weiÃŸes Quadrat|Quadrat|weiÃŸ
â­	weiÃŸer mittelgroÃŸer Stern	astronomie|gelber Stern|Himmel|Stern|weiÃŸer mittelgroÃŸer Stern
â­•	hohler roter Kreis	groÃŸer Kreis|GroÃŸer Kreis|hohler roter Kreis|Kreis|o|rot
ğŸ€„	Mahjong-Stein	Mahjong|Mahjong-Stein|roter Drache|Spiel
ğŸƒ	Jokerkarte	Joker|Jokerkarte|Spielkarte
ğŸ†	GroÃŸbuchstaben AB in rotem Quadrat	ab|Blut|Blutgruppe|GroÃŸbuchstaben AB in rotem Quadrat|negativ|positiv
ğŸ†‘	GroÃŸbuchstaben CL in rotem Quadrat	CL|GroÃŸbuchstaben CL in rotem Quadrat
ğŸ†’	Wort â€Coolâ€œ in blauem Quadrat	Cool|Wort â€Coolâ€œ in blauem Quadrat
ğŸ†“	Wort â€Freeâ€œ in blauem Quadrat	Free|Wort â€Freeâ€œ in blauem Quadrat
ğŸ†”	GroÃŸbuchstaben ID in lila Quadrat	GroÃŸbuchstaben ID in lila Quadrat|ID
ğŸ†•	Wort â€Newâ€œ in blauem Quadrat	Neu|New|Wort â€Newâ€œ in blauem Quadrat
ğŸ†–	GroÃŸbuchstaben NG in blauem Quadrat	GroÃŸbuchstaben NG in blauem Quadrat|NG
ğŸ†—	GroÃŸbuchstaben OK in blauem Quadrat	GroÃŸbuchstaben|keycap|OK|okay|Taste|Tastenkappe
ğŸ†˜	SOS-Zeichen	Hilfe|SOS|SOS-Zeichen
ğŸ†™	Schriftzug â€UP!â€œ im blauen Quadrat	Keycap|Taste|Tastenkappe|UP|UP!
ğŸ†š	Schriftzug VS in orangem Quadrat	gegen|Taste|versus|VS
ğŸˆ	Schriftzeichen â€kokoâ€œ	â€kokoâ€œ|japanisches Schriftzeichen|Schriftzeichen â€kokoâ€œ
ğŸˆš	Schriftzeichen fÃ¼r â€gratisâ€œ	gratis|japanisches Schriftzeichen|Schriftzeichen fÃ¼r â€gratisâ€œ|Schriftzeichen fÃ¼r â€Verhandlungâ€œ|Verhandlung
ğŸˆ¯	Schriftzeichen fÃ¼r â€reserviertâ€œ	Finger|japanisches Schriftzeichen|reserviert|Schriftzeichen fÃ¼r â€Fingerâ€œ|Schriftzeichen fÃ¼r â€reserviertâ€œ
ğŸˆ²	Schriftzeichen fÃ¼r â€verbietenâ€œ	japanisches Schriftzeichen|Kanji|Schriftzeichen fÃ¼r â€verbietenâ€œ|verbieten
ğŸˆ³	Schriftzeichen fÃ¼r â€Zimmer freiâ€œ	chinesisches Schriftzeichen|japanisches Schriftzeichen|leer|Schriftzeichen fÃ¼r â€leerâ€œ|Schriftzeichen fÃ¼r â€Zimmer freiâ€œ|Zimmer frei
ğŸˆ´	Schriftzeichen fÃ¼r â€Note zum Bestehenâ€œ	bestanden|bestehen|chinesisches Schriftzeichen|japanisches Schriftzeichen|Schriftzeichen fÃ¼r â€Note zum Bestehenâ€œ|Schriftzeichen fÃ¼r â€zusammenâ€œ|zusammen
ğŸˆµ	Schriftzeichen fÃ¼r â€Kein Zimmer freiâ€œ	belegt|besetzt|chinesisches Schriftzeichen|FÃ¼lle|japanisches Schriftzeichen|Kanji|kein Zimmer frei|Schriftzeichen fÃ¼r â€FÃ¼lleâ€œ|Schriftzeichen fÃ¼r â€Kein Zimmer freiâ€œ
ğŸˆ¶	Schriftzeichen fÃ¼r â€nicht gratisâ€œ	berechnen|existieren|japanisch|nicht gratis|Schriftzeichen|Taste
ğŸˆ¸	Schriftzeichen fÃ¼r â€anwendenâ€œ	anwenden|chinesisches Schriftzeichen|japanisches Schriftzeichen|Schriftzeichen fÃ¼r â€anwendenâ€œ
ğŸˆ¹	Schriftzeichen fÃ¼r â€Rabattâ€œ	japanisches Schriftzeichen|Rabatt|Schriftzeichen fÃ¼r â€Rabattâ€œ|Schriftzeichen fÃ¼r â€teilenâ€œ|teilen
ğŸˆº	Schriftzeichen fÃ¼r â€GeÃ¶ffnetâ€œ	Betrieb|chinesisches Schriftzeichen|geÃ¶ffnet|japanisches Schriftzeichen|Schriftzeichen fÃ¼r â€Betriebâ€œ|Schriftzeichen fÃ¼r â€GeÃ¶ffnetâ€œ
ğŸ‰	Schriftzeichen fÃ¼r â€SchnÃ¤ppchenâ€œ	japanisches Schriftzeichen|SchnÃ¤ppchen|Schriftzeichen fÃ¼r â€SchnÃ¤ppchenâ€œ|Schriftzeichen fÃ¼r â€Vorteilâ€œ|Vorteil
ğŸ‰‘	Schriftzeichen fÃ¼r â€akzeptierenâ€œ	akzeptieren|japanisch|Schriftzeichen
ğŸŒ€	Wirbel	Spirale|Wirbel|Wirbelsturm
ğŸŒ	neblig	Nebel|neblig|Wetter
ğŸŒ‚	geschlossener Regenschirm	geschlossener Regenschirm|Geschlossener Regenschirm|Regen|Regenschirm
ğŸŒƒ	Sternenhimmel	City|HochhÃ¤user|Nacht|Skyline|Stadt|Sterne|Sternenhimmel
ğŸŒ„	Sonnenaufgang Ã¼ber Bergen	Berge|Sonnenaufgang|Sonnenaufgang Ã¼ber Bergen
ğŸŒ…	Sonnenaufgang Ã¼ber dem Meer	Meer|Sonnenaufgang|Sonnenaufgang Ã¼ber dem Meer
ğŸŒ†	Abendstimmung in der Stadt	Abendstimmung in der Stadt|HochhÃ¤user|New York|Skyline|Sonnenaufgang|Sonnenuntergang|Wolkenkratzer
ğŸŒ‡	Sonnenuntergang in der Stadt	GroÃŸstadt|HochhÃ¤user|Morgenrot|Sonnenaufgang|Sonnenuntergang|Sonnenuntergang in der Stadt|Wolkenkratzer
ğŸŒˆ	Regenbogen	Regenbogen|Wetter
ğŸŒ‰	BrÃ¼cke vor Nachthimmel	BrÃ¼cke|BrÃ¼cke vor Nachthimmel|Golden Gate|Nacht|nachts
ğŸŒŠ	Welle	Meer|Welle
ğŸŒ‹	Vulkan	Ausbruch|Berg|Lava|Vulkan|Vulkanausbruch|Wetter
ğŸŒŒ	MilchstraÃŸe	Galaxie|MilchstraÃŸe|Universum
ğŸŒ	Globus mit Europa und Afrika	Afrika|Erde|Europa|Globus mit Europa und Afrika|Weltkugel
ğŸŒ	Globus mit Amerika	Erde|Globus|Globus mit Amerika|Nordamerika|SÃ¼damerika|Weltkugel
ğŸŒ	Globus mit Asien und Australien	Asien|Australien|Erde|Globus|Globus mit Asien und Australien|Weltkugel
ğŸŒ	Globus mit Meridianen	Breitengrad|Globus mit Meridianen|LÃ¤ngengrad
ğŸŒ‘	Neumond	Mond|Neumond
ğŸŒ’	erstes Mondviertel	erstes Mondviertel|Erstes Mondviertel|Mond|zunehmend
ğŸŒ“	zunehmender Halbmond	Halbmond|Mond|zunehmend|zunehmender Halbmond|Zunehmender Halbmond
ğŸŒ”	zweites Mondviertel	Mond|zunehmend|zweites Mondviertel|Zweites Mondviertel
ğŸŒ•	Vollmond	Mond|Vollmond
ğŸŒ–	drittes Mondviertel	abnehmend|drittes Mondviertel|Drittes Mondviertel|Mond
ğŸŒ—	abnehmender Halbmond	abnehmend|abnehmender Halbmond|Abnehmender Halbmond|Halbmond
ğŸŒ˜	letztes Mondviertel	abnehmend|letztes Mondviertel|Letztes Mondviertel|Mond|Nacht
ğŸŒ™	Mondsichel	Mond|Mondsichel|Nacht
ğŸŒš	Neumond mit Gesicht	Gesicht|Mond|Mondgesicht|Neumond|Neumond mit Gesicht
ğŸŒ›	Mondsichel mit Gesicht links	Gesicht|Mond|Mondsichel|Mondsichel mit Gesicht links|Weltall
ğŸŒœ	Mondsichel mit Gesicht rechts	Gesicht|Mondsichel|Mondsichel mit Gesicht rechts|Nacht
ğŸŒ	Vollmond mit Gesicht	Gesicht|Vollmond|Vollmond mit Gesicht
ğŸŒ	Sonne mit Gesicht	Gesicht|Sonne|Sonne mit Gesicht|Sonnengesicht|Sonnenschein
ğŸŒŸ	funkelnder Stern	funkeln|funkelnder Stern|Funkelnder Stern|glitzern|Stern
ğŸŒ 	Sternschnuppe	Himmel|Sternschnuppe
ğŸŒ­	Hotdog	Essen|Frankfurter|Hot Dog|Hotdog|Wurst|WÃ¼rstchen
ğŸŒ®	Taco	Essen|mexikanisch|Taco
ğŸŒ¯	Burrito	Burrito|essen|mexikanisch
ğŸŒ°	Kastanie	Kastanie|Marone
ğŸŒ±	Spross	junge Pflanze|Spross
ğŸŒ²	Nadelbaum	Baum|Nadelbaum|Pflanze|Tannenbaum
ğŸŒ³	Laubbaum	Baum|BlÃ¤tter|grÃ¼n|Laub|Laubbaum|Pflanze|Wald
ğŸŒ´	Palme	Baum|Kokusnuss|Oase|Palme|Pflanze|Strand|Tropen
ğŸŒµ	Kaktus	DÃ¼rre|Kaktus|Natur|Pflanze|Trockenzeit|WÃ¼ste
ğŸŒ·	Tulpe	Blume|BlÃ¼te|Pflanze|Tulpe
ğŸŒ¸	KirschblÃ¼te	Blume|BlÃ¼te|KirschblÃ¼te|Kirsche|Pflanze
ğŸŒ¹	Rose	Blume|BlÃ¼te|Pflanze|Rose
ğŸŒº	Hibiskus	Blume|BlÃ¼te|Hibiskus|Pflanze|Rosa
ğŸŒ»	Sonnenblume	Blume|BlÃ¼te|Pflanze|Sonne|Sonnenblume
ğŸŒ¼	gelbe BlÃ¼te	Blume|BlÃ¼te|gelbe BlÃ¼te|Gelbe BlÃ¼te|Pflanze
ğŸŒ½	Maiskolben	GemÃ¼se|Mais|Maiskolben
ğŸŒ¾	ReisÃ¤hre	Ã„hre|Pflanze|Reis|ReisÃ¤hre|Reispflanze
ğŸŒ¿	KrÃ¤uter	BlÃ¤tter|KrÃ¤uter|Pflanze
ğŸ€	GlÃ¼cksklee	Blatt|GlÃ¼ck|GlÃ¼cksklee|Klee|Kleeblatt|Pflanze|Silverster|vier|vierblÃ¤ttrig|VierblÃ¤ttriges Kleeblatt
ğŸ	Ahornblatt	Ahorn|Ahornblatt|Blatt|Herbst|Laub|Pflanze
ğŸ‚	Laub	Blatt|BlÃ¤tter|Fallendes Laub|Herbst|Laub|Pflanze
ğŸƒ	BlÃ¤tter im Wind	Blatt|BlÃ¤tter|BlÃ¤tter im Wind|Laub|Pflanze|Wind
ğŸ„	Fliegenpilz	Fliegenpilz|giftig|Pilz
ğŸ„â€ğŸŸ«	brauner Pilz	braun|Essen|Fungus|GemÃ¼se|Lebensmittel|Natur|Pflanze|Pilz|Wald
ğŸ…	Tomate	Essen|GemÃ¼se|Obst|Tomate
ğŸ†	Aubergine	Aubergine|GemÃ¼se
ğŸ‡	Trauben	Frucht|Obst|Traube|Trauben|Wein
ğŸˆ	Honigmelone	cantaloupe|Frucht|Honigmelone|Melone|Obst
ğŸ‰	Wassermelone	Frucht|Melone|Obst|Wasser|Wassermelone
ğŸŠ	Mandarine	Apfelsine|Frucht|Mandarine|Obst|Orange|Vitamin
ğŸ‹	Zitrone	Frucht|Obst|sauer|Zitrone|Zitrusfrucht
ğŸ‹â€ğŸŸ©	Limette	Cocktail|Essen|Frucht|Limette|Obst|Saft|sauer|Tequila|tropisch|Zitrusfrucht
ğŸŒ	Banane	Banane|Frucht|Obst|Schale
ğŸ	Ananas	Ananas|Frucht|Obst
ğŸ	roter Apfel	Apfel|Frucht|Obst|rot|roter Apfel
ğŸ	grÃ¼ner Apfel	Apfel|Frucht|gesund|grÃ¼n|grÃ¼ner Apfel|Obst
ğŸ	Birne	Birne|Frucht|Obst
ğŸ‘	Pfirsich	Frucht|Obst|Pfirsich
ğŸ’	Kirschen	Frucht|Kirsche|Kirschen|Obst
ğŸ“	Erdbeere	Beere|Erdbeere|Essen|Frucht|Obst
ğŸ”	Hamburger	Burger|Fast Food|Hamburger|Restaurant
ğŸ•	Pizza	Pizza|PizzastÃ¼ck|Pizzeria
ğŸ–	Fleischhachse	Fleisch|Fleischhachse|Knochen|Restaurant
ğŸ—	HÃ¤hnchenschenkel	Fleisch|GeflÃ¼gel|HÃ¤hnchenschenkel|HÃ¼hnerbein|Restaurant
ğŸ˜	Reiscracker	Cracker|Reiscracker
ğŸ™	ReisbÃ¤llchen	Essen|japanisch|Reis|ReisbÃ¤llchen
ğŸš	Reis in SchÃ¼ssel	Essen|Reis|Reis in SchÃ¼ssel
ğŸ›	Reis mit Curry	Curry|Reis|Reis mit Curry
ğŸœ	SchÃ¼ssel und EssstÃ¤bchen	chinesisches Essen|dampfend|Eiernudeln|Nudeln|SchÃ¼ssel|SchÃ¼ssel und EssstÃ¤bchen|StÃ¤bchen|Suppe
ğŸ	Spaghetti	Essse|Nudeln mit TomatensoÃŸe|Pasta|Restaurant|Spaghetti
ğŸ	Brot	Brot|Brotlaib|Essen|Kohlenhydrate|Laib Brot|Toast|WeiÃŸbrot|Weizen
ğŸŸ	Pommes frites	Fritten|Pommes|Pommes frites|Pommes Frites
ğŸ 	gerÃ¶stete SÃ¼ÃŸkartoffel	Essen|GemÃ¼se|gerÃ¶stet|SÃ¼ÃŸkartoffel
ğŸ¡	Dango	Dango|japanisches Gericht|Mochi-Kugeln auf einem SpieÃŸ|Restaurant
ğŸ¢	Oden	japanisches Gericht|Oden|Restaurant
ğŸ£	Sushi	japanisches Gericht|Restaurant|Sushi
ğŸ¤	frittierte Garnele	frittierte Garnele|Frittierte Garnele|Garnele|Restaurant|tempura
ğŸ¥	Fischfrikadelle	Fisch|Fischfrikadelle|Restaurant|Spirale
ğŸ¦	Softeis	Eis|Softeis
ğŸ§	Wassereis	Eis|Sorbet|Wassereis|zerstoÃŸen
ğŸ¨	Eiscreme	Eis|Eisbecher|Eiscreme|Eisdiele
ğŸ©	Donut	Donut|Doughnut|Essen|Kuchen|sÃ¼ÃŸ
ğŸª	Keks	Cookie|Keks|PlÃ¤tchen
ğŸ«	Schokoladentafel	Essen|Schokolade|Schokoladentafel|SÃ¼ÃŸigkeit
ğŸ¬	Bonbon	Bonbon|sÃ¼ÃŸ|SÃ¼ÃŸigkeit
ğŸ­	Lutscher	Lolli|Lutscher|SÃ¼ÃŸigkeit
ğŸ®	Pudding	Dessert|Flan|Nachspeise|Nachtisch|Pudding|Schokolade|SoÃŸe
ğŸ¯	Honigtopf	Honig|Honigtopf|sÃ¼ÃŸ
ğŸ°	Torte	Kuchen|KuchenstÃ¼ck|StÃ¼ck Torte|Torte|TortenstÃ¼ck
ğŸ±	Bento-Box	Bento|Bento-Box|Japanisches essen|Sushi
ğŸ²	Topf mit Essen	Eintopf|Gericht|SchÃ¼ssel|Suppe|Topf mit Essen
ğŸ³	Spiegelei in Bratpfanne	braten|Bratpfanne|Kochen|Pfanne|Spiegelei|Spiegelei in Bratpfanne
ğŸ´	Messer und Gabel	Abendessen|Besteck|Essen|FrÃ¼hstÃ¼ck|Gabel|Gabel und Messer|Geschirr|Hunger|lecker|Messer|Messer und Gabel|Mittagessen|Restaurant
ğŸµ	Teetasse ohne Henkel	GetrÃ¤nk|grÃ¼ner Tee|Oolong|Schale|Tee|Teetasse|Teetasse ohne Henkel
ğŸ¶	Sake-Flasche mit Tasse	Flasche|GetrÃ¤nk|Sake|Sake-Flasche mit Tasse|Sake-Flasche und -tasse|Tasse|trinken
ğŸ·	Weinglas	Alkohol|Bar|Glas|Wein|Weinglas
ğŸ¸	Cocktailglas	Bar|Cocktail|Cocktailglas|Drink|martini
ğŸ¹	Cocktail	Bar|Cocktail|exotisches GetrÃ¤nk
ğŸº	Bierkrug	Bar|Bier|Bierkrug|Krug|Oktoberfest|prost|Weizenbier
ğŸ»	BierkrÃ¼ge	anstoÃŸen|Bier|BierkrÃ¼ge|Oktoberfest|prosit|prost|Weizen
ğŸ¼	Babyflasche	Baby|Babyflasche|FlÃ¤schchen|Flasche|Kind|Milch|trinken
ğŸ¾	Flasche mit knallendem Korken	Champagner|Flasche|Flasche mit knallendem Korken|GetrÃ¤nk|knallen|Korken|Sekt|trinken
ğŸ¿	Popcorn	Kino|Popcorn|Snack
ğŸ€	pinke Schleife	Feier|Geschenk|pink|rosa|Schleife
ğŸ	Geschenk	Feier|Geburtstag|Geschenk|Schachtel|Schleife|Ãœberraschung|verpackt|Weihnachten
ğŸ‚	Geburtstagskuchen	Essen|feier|Feier|Geburtstag|Geburtstagskuchen|Geburtstagstorte|happy birthday|kerzen|Kuchen|Lebensmittel|Torte
ğŸƒ	HalloweenkÃ¼rbis	Halloween|HalloweenkÃ¼rbis|Herbst|KÃ¼rbis|KÃ¼rbislaterne
ğŸ„	Weihnachtsbaum	Baum|Tanne|Weihnachten|Weihnachtsbaum
ğŸ…	Weihnachtsmann	Weihnachten|Weihnachtsmann
ğŸ†	Feuerwerk	Feuerwerk|Silvester
ğŸ‡	Wunderkerze	Feiern|Feuerwerk|Party|Wunderkerze
ğŸˆ	Luftballon	Ballon|Feier|Geburtstag|Luftballon
ğŸ‰	Konfettibombe	BÃ¶ller|Feier|juhu|Knaller|Konfetti|Konfettibombe|Party|super|yay
ğŸŠ	Konfettiball	Feier|Konfetti|Konfettiball|Party
ğŸ‹	Tanabata-Baum	Baum|Fest|Japan|Sternenfest|Tanabata-Baum|Zettel
ğŸŒ	Ã¼berkreuzte Flaggen	Japan|japanische Flaggen|Ã¼berkreuzte Flaggen|Ãœberkreuzte Flaggen
ğŸ	Piniendekoration	Japan|Neujahrsfest|Piniendekoration
ğŸ	japanische Puppen	japanische Puppen|Japanische Puppen|Puppenfest Japan
ğŸ	traditionelle japanische WindsÃ¤cke	Feier|Karpfen|traditionelle japanische WindsÃ¤cke|Traditionelle japanische WindsÃ¤cke|WindsÃ¤cke
ğŸ	japanisches Windspiel	Bimmel|Feier|Glocke|japanisches Windspiel|Japanisches Windspiel|Wind
ğŸ‘	traditionelles Mondfest	Japan|Mond|Mondfest|traditionelles Mondfest|Traditionelles Mondfest
ğŸ’	Schulranzen	Ranzen|Rucksack|Schule|Schulranzen|Tornister
ğŸ“	Doktorhut	Abschlussfeier|Diplom|Doktorhut
ğŸ 	Karussellpferd	Karussell|Karussellpferd|Pferd|reiten
ğŸ¡	Riesenrad	Freizeitpark|Rad|Riesenrad|Volksfest
ğŸ¢	Achterbahn	Achterbahn|Freizeitpark|Volksfest
ğŸ£	Angel mit Fisch	Angel mit Fisch|Angeln|Entspannung
ğŸ¤	Mikrofon	Karaoke|Mikrofon|Singen|Unterhaltung
ğŸ¥	Filmkamera	Film|Filmkamera|Kino|Unterhaltung
ğŸ¦	Kinosymbol	Film|Filmkamera|Filmkamera in blauem Quadrat|Kino|Kinosymbol|Unterhaltung
ğŸ§	KopfhÃ¶rer	KopfhÃ¶rer|Musik|Unterhaltung
ğŸ¨	Mischpalette	Farben|Kunst|KÃ¼nstler|Mischpalette|Palette
ğŸ©	Zylinder	Hut|Kopfbedeckung|Unterhaltung|Zauberer|Zylinder|Zylinderhut
ğŸª	Zirkuszelt	Unterhaltung|Zelt|Zirkus|Zirkuszelt
ğŸ«	Ticket	Konzert|Ticket|Unterhaltung
ğŸ¬	Filmklappe	Film|Filmklappe|Klappe|Unterhaltung
ğŸ­	Masken	Kunst|Masken|Theater|Unterhaltung
ğŸ®	Gamepad	Gamepad|Gaming|Unterhaltung|Videospiel
ğŸ¯	Darts	Dart|Darts|Pfeil|Spiel|Volltreffer|Zielscheibe
ğŸ°	Spielautomat	GlÃ¼cksspiel|Spiel|Spielautomat
ğŸ±	Billardkugel	8-Ball|Billard|Billardkugel|Kugel|schwarz|Spiel
ğŸ²	SpielwÃ¼rfel	Casino|Spiel|SpielwÃ¼rfel|Unterhaltung|WÃ¼rfel|wÃ¼rfeln|Zufall
ğŸ³	Bowling	Bowling|Bowlingkugel|Kugel|Spiel
ğŸ´	japanische Blumenkarte	Blume|Blumenkarte|Hanafuda|Japan|japanische Blumenkarte|Japanische Blumenkarte|Karte
ğŸµ	Musiknote	Lied|Melodie|Musik|Musiknote|Note
ğŸ¶	Musiknoten	Musik|Musiknoten|Noten
ğŸ·	Saxofon	Instrument|Musik|Musikinstrument|Saxofon
ğŸ¸	Gitarre	Gitarre|Instrument|Musik|Musikinstrument
ğŸ¹	Klaviatur	Instrument|Klaviatur|Klavier|Musik|Musikinstrument|Piano|Tastatur|Tasten
ğŸº	Trompete	Instrument|Musik|Musikinstrument|Trompete
ğŸ»	Geige	Geige|Instrument|Musik|Musikinstrument|Violine
ğŸ¼	NotenschlÃ¼ssel	Musik|Noten|NotenschlÃ¼ssel|Partitur|ViolinschlÃ¼ssel
ğŸ½	Laufshirt	Laufen|Laufshirt|Laufshirt mit SchÃ¤rpe|SchÃ¤rpe|Sport
ğŸ¾	Tennisball	Ball|Sport|Tennis|Tennisball
ğŸ¿	Ski	Ski|Ski und StÃ¶cke
ğŸ€	Basketball	Ball|Basketball|Korb|Sport
ğŸ	Zielflagge	Flagge|formel 1|karierte Flagge|nascar|Rennen|Sport|Zielflagge
ğŸ‚	Snowboarder(in)	Snowboard|Snowboarden|Snowboarder|Snowboarder(in)|Snowboarderin|Sport
ğŸƒ	laufende Person	eilig|joggen|laufen|Laufen|laufende Person|LÃ¤ufer|LÃ¤uferin|Marathon|Person|rennen|schnell|Sport
ğŸ„	Surfer(in)	Person|Sport|Surfboard|Surfbrett|Surfen|Surfer|Surfer(in)|Surferin|Wassersport|Wellenreiten|Wellenreiter|Wellenreiterin
ğŸ…	Sportmedaille	Gewinn|Goldmedaille|Medaille|Sportmedaille
ğŸ†	Pokal	Bundesliga|Champion|gewinnen|Pokal|Preis|Sieger|Sport|TrophÃ¤e
ğŸ‡	Pferderennen	Jockey auf Pferd|Pferderennen|schnell|Sport|um die Wette|wetten
ğŸˆ	Football	American Football|Amerika|Ball|Football|Sport|Super Bowl
ğŸ‰	Rugbyball	Ball|Rugby|Rugbyball|Sport
ğŸŠ	Schwimmer(in)	Kraulen|Person|Pool|Schwimmbecken|Schwimmen|Schwimmer|Schwimmer(in)|Schwimmerin|Sport|Triathlon|Wasser
ğŸ	Kricket	Ball|Cricket|Kricket|SchlÃ¤ger
ğŸ	Volleyball	Ball|Sport|Volleyball
ğŸ‘	Feldhockey	Feldhockey|Hockey|SchlÃ¤ger
ğŸ’	Eishockey	Eishockey|Eishockey-SchlÃ¤ger und Puck|Hockey|Puck|SchlÃ¤ger
ğŸ“	Tischtennis	Ball|Ping Pong|SchlÃ¤ger|Spiel|Sport|Tischtennis
ğŸ 	Haus	GebÃ¤ude|Haus|Zuhause
ğŸ¡	Haus mit Garten	Baum|Haus|Haus mit Baum|Haus mit Garten
ğŸ¢	BÃ¼rogebÃ¤ude	BÃ¼rogebÃ¤ude|Hochhaus
ğŸ£	japanisches PostgebÃ¤ude	Japan|japanisches PostgebÃ¤ude|Japanisches PostgebÃ¤ude|Post
ğŸ¤	PostgebÃ¤ude	Europa|EuropÃ¤isches PostgebÃ¤ude|Post|PostgebÃ¤ude
ğŸ¥	Krankenhaus	Ambulanz|Arzt|GebÃ¤ude|krank|Krankenhaus|Medizin|Notaufnahme
ğŸ¦	Bank	Bank|GebÃ¤ude|Geld
ğŸ§	Symbol â€Geldautomatâ€œ	ATM|Geldautomat|Symbol â€Geldautomatâ€œ
ğŸ¨	Hotel	GebÃ¤ude|Hotel|Ã¼bernachten|Unterkunft
ğŸ©	Stundenhotel	GebÃ¤ude|Hotel|Liebe|Stundenhotel|Unterkunft
ğŸª	Minimarkt	einkaufen|GebÃ¤ude|GeschÃ¤ft|Lebensmittel|Minimarkt
ğŸ«	Schule	GebÃ¤ude|Schule|SchulgebÃ¤ude
ğŸ¬	Kaufhaus	einkaufen|GebÃ¤ude|GeschÃ¤ft|Kaufhaus|shoppen
ğŸ­	Fabrik	Fabrik|FabrikgebÃ¤ude|GebÃ¤ude
ğŸ®	rote Papierlaterne	Izakaya|Japanische Laterne|japanisches Lokal|rote Papierlaterne
ğŸ¯	japanisches Schloss	Bauwerk|GebÃ¤ude|Japan|japanisch|japanisches Schloss|Japanisches Schloss|Schloss
ğŸ°	Schloss	Bauwerk|Burg|Europa|europÃ¤isch|GebÃ¤ude|MÃ¤rchen|MÃ¤rchenschloss|Schloss
ğŸ´	schwarze Flagge	Fahne|schwarze Fahne|schwarze Flagge|wehen|Wehende schwarze Fahne
ğŸ¸	Badminton	Badminton|Federball|SchlÃ¤ger
ğŸ¹	Pfeil und Bogen	Bogen|Pfeil|Pfeil und Bogen
ğŸº	Amphore	Amphore|GefÃ¤ÃŸ|kochen|Krug|Sternzeichen|Tierkreis|trinken|Vase|Wassermann
ğŸ€	Ratte	Nagetier|Ratte|Tier
ğŸ	Maus	Maus|Nage|Tier
ğŸ‚	Ochse	Kuh|Ochse|Sternzeichen|Stier|Tier|Tierkreis
ğŸƒ	WasserbÃ¼ffel	BÃ¼ffel|Tier|Wasser|WasserbÃ¼ffel
ğŸ„	Kuh	Bauernhof|Kuh|muh|Tier
ğŸ…	Tiger	Tier|Tiger
ğŸ†	Leopard	gepunktet|Leopard|Punkte|Raubkatze|Raubtier|Tier|Zoo
ğŸ‡	Hase	Hase|Kaninchen|Karnickel|MÃ¼mmelmann|Nagetier|Tier
ğŸˆ	Katze	Haustier|Katze|miau|Tier
ğŸˆâ€â¬›	schwarze Katze	Kater|Katze|miau|Pech|schwarz|schwarze Katze|schwarzer Kater|Tier|UnglÃ¼ck
ğŸ‰	Drache	chinesisch Neujahr|Drache|MÃ¤rchen|Tier
ğŸŠ	Krokodil	Krokodil|Reptil|Schnappi|Tier
ğŸ‹	Wal	Ozean|Tier|Wal
ğŸŒ	Schnecke	langsam|Schnecke|Tier
ğŸ	Schlange	Schlange|SchlangentrÃ¤ger|Sternzeichen|Tier|Tierkreis
ğŸ	Pferd	Pferd|Rennen|Rennpferd|Tier
ğŸ	Widder	Schaf|Sternzeichen|Tierkreis|Widder
ğŸ	Ziege	Steinbock|Sternzeichen|Tier|Tierkreis|Ziege
ğŸ‘	Schaf	Bock|mÃ¤h|Schaf|Tier|Widder|Wolle
ğŸ’	Affe	Affe|Tier
ğŸ“	Hahn	Hahn|Tier
ğŸ”	Huhn	GeflÃ¼gel|Henne|Huhn|Tier|Tierkopf
ğŸ•	Hund	Haustier|Hund|Tier|wau|wuff
ğŸ•â€ğŸ¦º	Assistenzhund	Assistenz|Assistenzhund|Barrierefreiheit|Behinderung|Hund|Tier
ğŸ–	Schwein	Bauernhof|Sau|Schwein|Tier
ğŸ—	Wildschwein	Eber|Schwein|Tier|Wildschwein
ğŸ˜	Elefant	Elefant|Tier
ğŸ™	Oktopus	Krake|Meer|Oktopus|Tier|Tintenfisch
ğŸš	Schneckenhaus	Muschel|Schneckenhaus|Strand|Tier
ğŸ›	Raupe	gefrÃ¤ÃŸig|Insekt|Raupe|Tier
ğŸœ	Ameise	Ameise|Insekt|Tier
ğŸ	Biene	Biene|Honig|Honigbiene|Hummel|Insekt|Maja|Natur|Summ|Tier
ğŸ	MarienkÃ¤fer	GlÃ¼ckskÃ¤fer|Insekt|KÃ¤fer|krabbel|MarienkÃ¤fer|Punkte|Tier
ğŸŸ	Fisch	Aquarium|Fisch|Fische|Meehr|Sternzeichen|Tier|Tierkreis
ğŸ 	Tropenfisch	Fisch|Tier|Tropenfisch
ğŸ¡	Kugelfisch	Fisch|Kugelfisch|kugelrund|Meer|Tier
ğŸ¢	SchildkrÃ¶te	SchildkrÃ¶te|Tier
ğŸ£	schlÃ¼pfendes KÃ¼ken	Ei|KÃ¼ken|KÃ¼ken in Eierschale|Piep|schlÃ¼pfen|schlÃ¼pfendes KÃ¼ken|Tier|Vogel
ğŸ¤	KÃ¼ken	KÃ¼ken|KÃ¼kenkopf|Tier
ğŸ¥	KÃ¼ken von vorne	GeflÃ¼gel|KÃ¼ken|KÃ¼ken in Frontansicht|KÃ¼ken von vorne|Tier
ğŸ¦	Vogel	Papagei|Taube|Tier|Vogel|Vogelkopf
ğŸ¦â€â¬›	schwarzer Vogel	Amsel|krÃ¤chzen|KrÃ¤he|Rabe|Schnabel|schwarz|schwarzer Vogel|Tier|Vogel
ğŸ¦â€ğŸ”¥	PhÃ¶nix	Asche|Fabelwesen|Fantasy|Feuer|Feuervogel|PhÃ¶nix|Reinkarnation|Tier|Vogel|Wiedergeburt
ğŸ§	Pinguin	Pinguin|Pinguinkopf|Tier|Vogel
ğŸ¨	Koala	Koala|KoalabÃ¤r|Koalagesicht|Tier
ğŸ©	Pudel	Hund|Pudel|Tier
ğŸª	Dromedar	Dromedar|einhÃ¶ckrig|Kamel|Tier|WÃ¼ste
ğŸ«	Kamel	Kamel|Tier|WÃ¼ste|zweihÃ¶ckrig
ğŸ¬	Delfin	Delfin|Meer|Ozean|Strand|Tier
ğŸ­	MÃ¤usegesicht	Gesicht|Maus|MÃ¤usegesicht|Mausgesicht|Nagetier|Tier
ğŸ®	Kuhgesicht	Gesicht|Kuh|Kuhgesicht|Tier
ğŸ¯	Tigergesicht	Gesicht|Raubkatze|Tier|Tiger|Tigergesicht
ğŸ°	Hasengesicht	Gesicht|Hase|Hasengesicht|Kaninchen|Karnickel|Langohr|MÃ¼mmelmann|Nager|Nagetier|Tier
ğŸ±	Katzengesicht	Gesicht|Katze|Katzengesicht|Miau|Miez|Miezekatze|Tier
ğŸ²	Drachengesicht	Drache|Drachengesicht|Gesicht|MÃ¤rchen|Tier
ğŸ³	blasender Wal	blasender Wal|Blasender Wal|Meer|Ozean|Tier|Wal
ğŸ´	Pferdegesicht	Gesicht|Pferd|Pferdegesicht|Pferdekopf|Tier
ğŸµ	Affengesicht	Affe|Affengesicht|Banane|Dschungel|Gesicht|Tier|Zoo
ğŸ¶	Hundegesicht	Gesicht|Hund|Hundegesicht|Tier|treu|Wau|wuff
ğŸ·	Schweinegesicht	Gesicht|Schwein|Schweinegesicht|Tier
ğŸ¸	Frosch	Frosch|Froschgesicht|Gesicht|grÃ¼n|quak|Tier
ğŸ¹	Hamster	Gesicht|Hamster|Hamstergesicht|Tier
ğŸº	Wolf	Gesicht|Tier|Wolf|Wolfsgesicht
ğŸ»	BÃ¤r	BÃ¤r|BÃ¤rengesicht|Gesicht|Tier
ğŸ¼	Panda	Gesicht|Panda|PandabÃ¤r|Pandagesicht|Tier
ğŸ½	SchweinerÃ¼ssel	Nase|Schwein|SchweinerÃ¼ssel|Tier
ğŸ¾	TatzenabdrÃ¼cke	Abdruck|Tatzen|TatzenabdrÃ¼cke|Tier
ğŸ‘€	Augen	Auge|Augen|Gesicht|gucken|schauen|sehen
ğŸ‘‚	Ohr	hÃ¶ren|KÃ¶rperteil|Ohr
ğŸ‘ƒ	Nase	KÃ¶rperteil|Nase|riechen
ğŸ‘„	Mund	KÃ¶rperteil|Kuss|Lippen|Lippenstift|Mund
ğŸ‘…	Zunge	Ã¤tsch|hmm|KÃ¶rperteil|lecken|lecker|mmh|Zunge
ğŸ‘†	nach oben weisender Zeigefinger von hinten	aufwÃ¤rts|Finger|HandrÃ¼cken|HandrÃ¼ckseite|hier|hinauf|melden|oben|rauf|weisen|Zeigefinger|zeigen
ğŸ‘‡	nach unten weisender Zeigefinger	abwÃ¤rts|Finger|HandrÃ¼cken|HandrÃ¼ckseite|hinab|hinunter|runter|unten|weisen|Zeigefinger|zeigen
ğŸ‘ˆ	nach links weisender Zeigefinger	Finger|HandrÃ¼ckseite|links|weisen|Zeigefinger|zeigen
ğŸ‘‰	nach rechts weisender Zeigefinger	Finger|HandrÃ¼ckseite|rechts|weisen|Zeigefinger|zeigen
ğŸ‘Š	geballte Faust	absolut|Bro|Faust|geballt|Hand|korrekt|zustimmen
ğŸ‘‹	winkende Hand	auf Wiedersehen|bis spÃ¤ter|ciao|guten Tag|hallo|Hand|hey|hi|tschÃ¼s|tschÃ¼ss|winken
ğŸ‘Œ	OK-Zeichen	exzellent|Finger|genial|Hand|in Ordnung|natÃ¼rlich|OK|OK-Zeichen|perfekt|super
ğŸ‘	Daumen hoch	Daumen|Daumen hoch|einverstanden|Finger|gut|Hand|in Ordnung|jawohl|klar|klasse|like|nach oben|ok|super|top
ğŸ‘	Daumen runter	Daumen|Daumen runter|Hand|nach unten|schlecht
ğŸ‘	klatschende HÃ¤nde	applaudieren|Applaus|Beifall|Gratulation|groÃŸartig|gut|Hand|HÃ¤nde|Klatschen|klatschend|toll
ğŸ‘	offene HÃ¤nde	HÃ¤nde|Jazz|offen|umarmen|Umarmung
ğŸ‘‘	Krone	KÃ¶nig|KÃ¶nigin|Kopfbedeckung|Krone|MajestÃ¤t
ğŸ‘’	Damenhut	Damenhut|Damenhut mit Schleife|Hut|Kleidung|Kopfbedeckung|Schleife
ğŸ‘“	Brille	Accessoire|Brille
ğŸ‘”	Hemd mit Krawatte	Hemd|Hemd mit Krawatte|Kleidung|Kragen|Schlips
ğŸ‘•	T-Shirt	Kleidung|Shirt|T-Shirt
ğŸ‘–	Jeans	Hose|Jeans|Kleidung
ğŸ‘—	Kleid	Kleid|Kleidung
ğŸ‘˜	Kimono	japanisch|Kimono|Kleid|Kleidung
ğŸ‘™	Bikini	Badeanzug|Bikini|Kleidung
ğŸ‘š	Bluse	Bluse|Damenmode|Kleidung|Oberbekleidung|Shirt
ğŸ‘›	GeldbÃ¶rse	Accessoire|Brieftasche|GeldbÃ¶rse|MÃ¼nzen|Portemonnaie
ğŸ‘œ	Handtasche	Accessoire|einkaufen|Handtasche|Tasche
ğŸ‘	Clutch	Accessoire|Beutel|Clutch|Handtasche|Kulturbeutel|Tasche|Waschtasche
ğŸ‘	Herrenschuh	gehen|Herren|Herrenschuh|Schuh
ğŸ‘Ÿ	Sportschuh	laufen|rennen|Schuh|Sneaker|sportlich|Sportschuh|Turnschuh
ğŸ‘ 	StÃ¶ckelschuh	Absatz|Absatzschuh|Damen|elegant|High Heel|Highheels|Pumps|rot|Schuh|StÃ¶ckelschuh|vornehm
ğŸ‘¡	Damensandale	Damen|Damensandale|Sandale|Schuh
ğŸ‘¢	Damenstiefel	Damen|Damenstiefel|Schuh|Stiefel
ğŸ‘£	FuÃŸabdrÃ¼cke	Abdruck|auf dem Weg|FuÃŸ|FuÃŸabdruck|FuÃŸabdrÃ¼cke
ğŸ‘¤	Silhouette einer BÃ¼ste	BÃ¼ste|Person|Silhouette einer BÃ¼ste
ğŸ‘¥	Silhouette mehrerer BÃ¼sten	BÃ¼sten|Personen|Silhouette mehrerer BÃ¼sten
ğŸ‘¦	Junge	Enkelsohn|Gesicht|jung|Junge|jÃ¼nger|Kind|munter|Sohn|strahlend
ğŸ‘§	MÃ¤dchen	Enkeltochter|Gesicht|jung|jÃ¼nger|Kind|MÃ¤dchen|munter|strahlend|Tochter
ğŸ‘¨	Mann	erwachsen|Gesicht|Mann
ğŸ‘¨â€ğŸŒ¾	Bauer	Ã„hre|Bauer|Farmer|GÃ¤rtner|Landwirt|Rancher
ğŸ‘¨â€ğŸ³	Koch	Koch|Kochen|Restaurant
ğŸ‘¨â€ğŸ¼	Mann, der Baby die Flasche gibt	Baby|Flasche geben|Flasche gebender Mann|fÃ¼ttern|Mann
ğŸ‘¨â€ğŸ“	Student	Absolvent|Diplom|Doktorhut|Student|Uni
ğŸ‘¨â€ğŸ¤	SÃ¤nger	Mann|Mikrofon|Popstar|SÃ¤nger|Schauspieler
ğŸ‘¨â€ğŸ¨	KÃ¼nstler	Farbpalette|KÃ¼nstler|Maler|Mann
ğŸ‘¨â€ğŸ«	Lehrer	Dozent|Lehrer|Mann|Professor|Tafel
ğŸ‘¨â€ğŸ­	Fabrikarbeiter	Fabrik|Fabrikarbeiter|Helm
ğŸ‘¨â€ğŸ’»	IT-Experte	Arbeit|Bildschirm|BÃ¼ro|Computer|Entwickler|IT-Experte|Mann|Office
ğŸ‘¨â€ğŸ’¼	BÃ¼roangestellter	Angestellter|BÃ¼ro|BÃ¼roangestellter|Manager|Mann
ğŸ‘¨â€ğŸ”§	Mechaniker	Elektriker|Handwerker|Klempner|Mann|Mechaniker
ğŸ‘¨â€ğŸ”¬	Wissenschaftler	Chemie|Forscher|Labor|Wissenschaftler
ğŸ‘¨â€ğŸš€	Astronaut	Astronaut|Mann|Raumfahrt|Weltraum
ğŸ‘¨â€ğŸš’	Feuerwehrmann	Feuerwehr|Feuerwehrhelm|Feuerwehrmann|Mann
ğŸ‘¨â€ğŸ¦¯	Mann mit Langstock	Barrierefreiheit|Behinderung|blind|Mann|Mann mit Blindenstock|Mann mit Gehstock|Mann mit Langstock|Mensch|Person|sehbehindert
ğŸ‘¨â€ğŸ¦¼	Mann in elektrischem Rollstuhl	Barrierefreiheit|Behinderung|Mann|Mann in elektrischem Rollstuhl|Mann in Rollstuhl|Mensch|Person|Rollstuhl
ğŸ‘¨â€ğŸ¦½	Mann in manuellem Rollstuhl	Barrierefreiheit|Behinderung|Mann|Mann in manuellem Rollstuhl|Mann in Rollstuhl|Mensch|Person|Rollstuhl
ğŸ‘©	Frau	erwachsen|Frau|Gesicht
ğŸ‘©â€ğŸŒ¾	BÃ¤uerin	Ã„hre|BÃ¤uerin|Farmerin|GÃ¤rtnerin|Landwirtin
ğŸ‘©â€ğŸ³	KÃ¶chin	kochen|KÃ¶chin
ğŸ‘©â€ğŸ¼	Frau, die Baby die Flasche gibt	Baby|Eltern|Flasche geben|Flasche gebende Frau|Frau|fÃ¼ttern|Mama|Milch|Mutter|Neugeborenes|Person|SÃ¤ugling
ğŸ‘©â€ğŸ“	Studentin	Abschluss|Absolventin|Diplom|Doktorhut|Studentin|Uni
ğŸ‘©â€ğŸ¤	SÃ¤ngerin	Frau|Mikrofon|Popstar|SÃ¤ngerin|Schauspielerin
ğŸ‘©â€ğŸ¨	KÃ¼nstlerin	Farbpalette|Frau|KÃ¼nstlerin|Malerin
ğŸ‘©â€ğŸ«	Lehrerin	Dozentin|Frau|Lehrerin|Professorin
ğŸ‘©â€ğŸ­	Fabrikarbeiterin	Fabrik|Fabrikarbeiterin|Frau|Helm
ğŸ‘©â€ğŸ’»	IT-Expertin	Arbeit|Bildschirm|BÃ¼ro|Computer|Entwickler|Entwicklerin|Frau|IT-Expertin|Laptop|Office
ğŸ‘©â€ğŸ’¼	BÃ¼roangestellte	Angestellte|BÃ¼ro|BÃ¼roangestellte|Frau|Managerin|Mangerin
ğŸ‘©â€ğŸ”§	Mechanikerin	Elektrikerin|Frau|Handwerkerin|Klempnerin|Mechanikerin
ğŸ‘©â€ğŸ”¬	Wissenschaftlerin	Forscherin|Frau|Labor|Wissenschaftlerin
ğŸ‘©â€ğŸš€	Astronautin	Astronautin|Frau|Raumfahrt|Weltraum
ğŸ‘©â€ğŸš’	Feuerwehrfrau	Feuerwehrfrau|Feuerwehrhelm|Frau
ğŸ‘©â€ğŸ¦¯	Frau mit Langstock	Barrierefreiheit|Behinderung|blind|Frau|Frau mit Blindenstock|Frau mit Gehstock|Frau mit Langstock|Mensch|Person
ğŸ‘©â€ğŸ¦¼	Frau in elektrischem Rollstuhl	Barrierefreiheit|Behinderung|Frau|Frau in elektrischem Rollstuhl|Frau in Rollstuhl|Mensch|Person|Rollstuhl
ğŸ‘©â€ğŸ¦½	Frau in manuellem Rollstuhl	Barrierefreiheit|Behinderung|Frau|Frau in manuellem Rollstuhl|Frau in Rollstuhl|Mensch|Person|Rollstuhl
ğŸ‘ª	Familie	Familie|Junge|Kind|Mutter|Vater
ğŸ‘«	Mann und Frau halten HÃ¤nde	Frau|HÃ¤ndchen halten|Mann|Mann und Frau halten HÃ¤nde|Paar|PÃ¤rchen aus Frau und Mann
ğŸ‘¬	HÃ¤ndchen haltende MÃ¤nner	HÃ¤ndchen halten|HÃ¤ndchen haltende MÃ¤nner|MÃ¤nner|Paar|PÃ¤rchen aus Mann und Mann|Zwillinge
ğŸ‘­	HÃ¤ndchen haltende Frauen	Frauen|HÃ¤ndchen halten|HÃ¤ndchen haltende Frauen|Paar|PÃ¤rchen aus Frau und Frau
ğŸ‘®	Polizist(in)	Beruf|festnehmen|GesetzeshÃ¼ter|Gesicht|Person|Polizei|Polizist|Polizist(in)|Polizistin|Uniform|verhaften
ğŸ‘¯	Personen mit Hasenohren	Bunny|Bunnys|doppelt|Hasenohren|Leute|Party|Person|Personen mit Hasenohren|seelenverwandt|Tanzen|TÃ¤nzerinnen|Zwillinge
ğŸ‘°	Person mit Schleier	Braut|Braut mit Schleier|Gesicht|Hochzeit|Person|Person mit Schleier|Schleier
ğŸ‘±	Person: blondes Haar	blond|blondhaarig|Gesicht|Mensch|Person
ğŸ‘²	Mann mit chinesischem Hut	China|chinesisch|Gesicht|Hut|Kappe|MÃ¼tze|Person
ğŸ‘³	Person mit Turban	Bart|Dreitagebart|Person|Person mit Turban|Turban
ğŸ‘´	Ã¤lterer Mann	alt|Ã¤lter|erwachsen|GroÃŸeltern|GroÃŸvater|Mann|Mensch|Opa|Senior|weise
ğŸ‘µ	Ã¤ltere Frau	alt|Ã¤lter|erwachsen|Frau|GroÃŸeltern|GroÃŸmutter|Mensch|Oma|Seniorin|weise
ğŸ‘¶	Baby	Baby|Gesicht|jung|Kind|Kleinkind|Locke
ğŸ‘·	Bauarbeiter(in)	Arbeit|Bau|Bauarbeiter|Bauarbeiter(in)|Bauarbeiterin|Beruf|Gesicht|Helm|Person|Schutzhelm|umbauen
ğŸ‘¸	Prinzessin	Gesicht|Krone|MÃ¤rchen|Prinzessin
ğŸ‘¹	Ungeheuer	Gesicht|gruselig|Japan|japanisch|MÃ¤rchen|Maske|Monster|Oger|Ungeheuer
ğŸ‘º	Kobold	gemein|Gesicht|Japan|japanisch|Kobold|MÃ¤rchen|Maske|Monster|Tengu|Ungeheuer|wÃ¼tend
ğŸ‘»	Gespenst	buh|Fantasy|Geist|Gesicht|Gespenst|gruselig|Halloween|MÃ¤rchen|Spuk|Zunge
ğŸ‘¼	Putte	Engel|Gesicht|Kind|MÃ¤rchen|Putte
ğŸ‘½	AuÃŸerirdischer	Alien|All|auÃŸerirdisch|AuÃŸerirdische|AuÃŸerirdischer|Fantasy|Gesicht|MÃ¤rchen|Monster|UFO|Weltraum|Wesen
ğŸ‘¾	Computerspiel-Monster	Computerspiel-Monster|Gesicht|Monster|UFO
ğŸ‘¿	wÃ¼tendes Gesicht mit HÃ¶rnern	bÃ¶se|DÃ¤mon|DÃ¤monin|Fantasie|Fantasy|Gesicht|HÃ¶rner|Kobold|lila|MÃ¤rchen|Satan|Teufel|Teufelchen|violett|wÃ¼tend
ğŸ’€	Totenkopf	Gesicht|Knochen|MÃ¤rchen|SchÃ¤del|Tod|tot|Totenkopf|yolo
ğŸ’	Infoschalter-Mitarbeiter(in)	abgekippt|beleidigen|GerÃ¼chte|Geste|Hand|Klatsch|klatschen|Person|Sarkasmus|sarkastisch|Tratsch|tratschen
ğŸ’‚	Wache	BÃ¤renfellmÃ¼tze|Buckingham Palace|Gesicht|London|Wache|Wachfrau|Wachmann|Wachsoldat|Wachsoldatin|WÃ¤chter
ğŸ’ƒ	tanzende Frau	elegant|festlich|Flair|Flamenco|Frau|Salsa|Schwung|Tango|Tanz|Tanzen|TÃ¤nzerin
ğŸ’„	Lippenstift	Kosmetik|Lippenstift|Make-up|makeup|Rot|Schminke
ğŸ’…	Nagellack	Kosmetik|ManikÃ¼re|Nagel|Nagellack|Nagelpflege
ğŸ’†	Person, die eine Kopfmassage bekommt	Behandlung|die eine Kopfmassage bekommt|entspannen|Kopfmassage|Kopfschmerzen|Massage|MigrÃ¤ne|Person|Person, die eine Kopfmassage bekommt|Salon|Spa|Therapie
ğŸ’‡	Person beim Haareschneiden	Friseur|Friseurin|Friseuse|FrisÃ¶r|FrisÃ¶rin|Frisur|Haare|Haarschnitt|Person|Person beim Haareschneiden|Schere
ğŸ’ˆ	Barbershop-SÃ¤ule	Barbershop-SÃ¤ule|Friseur|Herrenfriseur|SÃ¤ule
ğŸ’‰	Spritze	Arzt|impfen|Impfung|Injektion|KanÃ¼le|Nadel|Spritze
ğŸ’Š	Kapsel	Arznei|Arzt|Kapsel|Medizin|Pille|Tabletten
ğŸ’‹	Kussabdruck	GefÃ¼hl|Knutsch|Kuss|Kussabdruck|kÃ¼ssen|Liebe|Lippen|Lippenstift|romantisch|sexy
ğŸ’Œ	Liebesbrief	Brief|Herz|Liebe|Liebesbrief|Post|Siegel
ğŸ’	Ring	Diamantring|Edelstein|Ring|Schmuck|Verlobung
ğŸ’	Edelstein	Diamant|Edelstein
ğŸ’	sich kÃ¼ssendes Paar	Frau|Herz|Kuss|kÃ¼ssen|KÃ¼ssendes Paar|Mann|sich kÃ¼ssendes Paar
ğŸ’	BlumenstrauÃŸ	Blumen|BlumenstrauÃŸ|Bouquet
ğŸ’‘	Liebespaar	Frau|Herz|Liebe|Liebespaar|Mann|Paar
ğŸ’’	Hochzeit	Herz|Hochzeit|Kirche
ğŸ’“	schlagendes Herz	GefÃ¼hl|Herz|Herzschlag|Liebe|Puls|pulsieren|schlagen
ğŸ’”	gebrochenes Herz	allein|gebrochen|GefÃ¼hl|Herz|Herzschmerz|Liebeskummer|Schmerz|traurig|Trennung|zerbrochen
ğŸ’•	zwei Herzen	Date|GefÃ¼hl|Herz|Herzen|Hochzeitstag|Jahrestag|KÃ¼sschen|KÃ¼sse|Liebe|Rendezvous|xoxo|zwei
ğŸ’–	funkelndes Herz	Aufregung|funkeln|GefÃ¼hl|glitzern|Herz|Liebe|Morgen|Nacht|rosa|xoxo
ğŸ’—	wachsendes Herz	Aufregung|GefÃ¼hl|Herz|Herzschlag|KÃ¼sschen|KÃ¼sse|Liebe|nervÃ¶s|NervositÃ¤t|Puls|wachsen|xoxo
ğŸ’˜	Herz mit Pfeil	Herz|Herz mit Pfeil|Liebe|Pfeil
ğŸ’™	blaues Herz	blau|GefÃ¼hl|Herz|Liebe|romantisch
ğŸ’š	grÃ¼nes Herz	GefÃ¼hl|grÃ¼n|Herz|Liebe|romantisch
ğŸ’›	gelbes Herz	GefÃ¼hl|gelb|Herz|herzlich|Liebe
ğŸ’œ	lila Herz	beste|GefÃ¼hl|hdl|Herz|Liebe|lila|lilafarben|violett
ğŸ’	Herz mit Schleife	Herz|Hochzeitstag|Jahrestag|KÃ¼sschen|KÃ¼sse|Liebe|Schleife|Valentinstag|xoxo
ğŸ’	kreisende Herzen	Emotion|GefÃ¼hl|Herz|Herzen|Hochzeitstag|Jahrestag|kreisen|Liebe|sÃ¼ÃŸ
ğŸ’Ÿ	Herzdekoration	Deko|Emotion|GefÃ¼hl|Herz|Herzdekoration|Liebe|lila|violett|weiÃŸ
ğŸ’ 	Rautenform mit Punkt	Diamant|mit Punkt|Rautenform|Rautenform mit Punkt
ğŸ’¡	GlÃ¼hbirne	GlÃ¼hbirne|hell|Idee|Lampe|Licht
ğŸ’¢	Ã„rger	Ã„rger|Comic|Wut
ğŸ’£	Bombe	Bombe|Comic|Dynamit|Explodieren
ğŸ’¤	Schlafen	Buchstaben|Comic|gÃ¤hn|langweilig|mÃ¼de|Nickerchen|Ã¶de|Schlaf|Schlafen|Schnarchen|ZZZ
ğŸ’¥	ZusammenstoÃŸ	Bombe|Boom|Comic|explodieren|Explosion|kollidieren|Kollision|ZusammenstoÃŸ|zusammenstoÃŸen
ğŸ’¦	SchweiÃŸtropfen	Comic|feucht|nass|SchweiÃŸ|SchweiÃŸtropfen|schwitzen|trainieren|Training|Tropfen|Wasser
ğŸ’§	Tropfen	SchweiÃŸ|TrÃ¤ne|Tropfen|Wasser|Wassertropfen
ğŸ’¨	Staubwolke	Comic|rennen|Staubwolke|weglaufen
ğŸ’©	Kothaufen	Kot|Kothaufen|Mist
ğŸ’ª	angespannter Bizeps	Arm|Bizeps|Bodybuilder|Bro|Fitnessstudio|Gewichtheben|Muckies|Muskeln|stark|Training
ğŸ’«	schwindlig	benommen|Benommenheit|Comic|Komet|schwindlig|Stern|Sterne|Sternschnuppe
ğŸ’¬	Sprechblase mit drei Punkten	Comic|Dialog|GesprÃ¤ch|Sprechblase|Sprechblase mit drei Punkten|Unterhaltung
ğŸ’­	Gedankenblase	Comic|Gedankenblase|Nachdenken
ğŸ’®	Blumenstempel	Blume|Blumenstempel
ğŸ’¯	100 Punkte	100|100 Punkte|Punktestand|volle Punktzahl
ğŸ’°	Geldsack	Geld|Geldsack|Moneten|reich|Sack
ğŸ’±	Geldwechsel	Geld|Geldwechsel|WÃ¤hrung|Wechsel
ğŸ’²	Dollarzeichen extrafett	bezahlen|Dollar|Dollar-Zeichen|Dollarzeichen extrafett|Geld|Knete|Moneten|teuer|USD|WÃ¤hrung
ğŸ’³	Kreditkarte	Bankkarte|EC-Karte|Geldkarte|Guthaben|Karte|Kreditkarte
ğŸ’´	Yen-Banknote	Geld|Geldschein|Yen|Yen-Banknote
ğŸ’µ	Dollar-Banknote	Dollar|Dollar-Banknote|Geld|Geldschein|WÃ¤hrung
ğŸ’¶	Euro-Banknote	Euro|Euro-Banknote|Euroschein|Geld|Geldschein
ğŸ’·	Pfund-Banknote	Geld|Geldschein|Pfund|Pfund-Banknote
ğŸ’¸	Geldschein mit FlÃ¼geln	Bank|Euro|Geld|Geldschein mit FlÃ¼geln|Knete|Moneten
ğŸ’¹	steigende Kurve mit Yen-Zeichen	Diagramm|Markt|steigende Kurve mit Yen-Zeichen|Steigender Trend mit Yen-Zeichen
ğŸ’º	Sitzplatz	Bus|Flugzeug|Sitz|Sitzplatz|Zug
ğŸ’»	Laptop	Bildschirm|Computer|Computermonitor|Laptop|Monitor|Notebook|PC
ğŸ’¼	Aktentasche	Aktentasche|Tasche
ğŸ’½	Minidisc	MD|Minidisc|Minidisk
ğŸ’¾	Diskette	DatentrÃ¤ger|Diskette
ğŸ’¿	CD	Blu-Ray|CD|DVD
ğŸ“€	DVD	blu-ray|CD|computer|DVD
ğŸ“	Ordner	Akten|BÃ¼ro|Dokument|geschlossen|Ordner
ğŸ“‚	geÃ¶ffneter Ordner	Dokument|geÃ¶ffneter Ordner|GeÃ¶ffneter Ordner|offen|Ordner
ğŸ“ƒ	teilweise eingerolltes Blatt	Dokument|Papier|Seite|teilweise eingerolltes Blatt|Teilweise eingerolltes Blatt
ğŸ“„	Vorderseite eines Blattes	Dokument|Papier|Seite|Vorderseite eines Blattes
ğŸ“…	Kalender	Datum|Kalender|Kalenderblatt
ğŸ“†	AbreiÃŸkalender	AbreiÃŸkalender|Datum|Kalender|Termin
ğŸ“‡	Rotationskartei	Rotationskartei|Visitenkarten
ğŸ“ˆ	AufwÃ¤rtstrend	AufwÃ¤rtstrend|Diagramm|Kurve|steigend
ğŸ“‰	AbwÃ¤rtstrend	AbwÃ¤rtstrend|Diagramm|fallend|Kurve
ğŸ“Š	Balkendiagramm	Balken|Balkendiagramm|Diagramm
ğŸ“‹	Klemmbrett	Clipboard|Clpboard|Klemmbrett|Zwischenablage
ğŸ“Œ	ReiÃŸzwecke	anpinnen|ReiÃŸzwecke
ğŸ“	Stecknadel	anpinnen|ReiÃŸzwecke|rund|runde ReiÃŸzwecke|Stecknadel
ğŸ“	BÃ¼roklammer	BÃ¼roklammer
ğŸ“	Lineal	Lineal
ğŸ“	dreieckiges Lineal	dreieckiges Lineal|Dreieckiges Lineal|Geodreieck|Lineal
ğŸ“‘	Pagemarker	Notizen|Pagemarker
ğŸ“’	Spiralblock	Notizblock|Spiralblock
ğŸ““	Notizbuch	Notizbuch|Notizen
ğŸ“”	Notizbuch mit dekorativem Einband	Einband|Notizbuch|Notizbuch mit dekorativem Einband
ğŸ“•	geschlossenes Buch	Buch|geschlossen|geschlossenes Buch|Geschlossenes Buch
ğŸ“–	offenes Buch	Bibliothek|blÃ¤ttern|Buch|geÃ¶ffnet|lernen|lesen|offen|offenes Buch|Offenes Buch|Seite
ğŸ“—	grÃ¼nes Buch	Buch|grÃ¼n|grÃ¼nes Buch|GrÃ¼nes Buch|lesen
ğŸ“˜	blaues Buch	blau|blaues Buch|Blaues Buch|Buch
ğŸ“™	orangefarbenes Buch	Buch|orangefarben|orangefarbenes Buch|Orangefarbenes Buch
ğŸ“š	BÃ¼cherstapel	BÃ¼cher|BÃ¼cherstapel|Fantasie|lesen|Roman
ğŸ“›	Namensschild	Namensschild|Schild
ğŸ“œ	Schriftrolle	Papier|Schriftrolle
ğŸ“	Papier und Bleistift	Bleistift|Kurzmitteilung|Nachricht|Notiz|Papier|Papier und Bleistift|Schreibblock|schreiben
ğŸ“	TelefonhÃ¶rer	anrufen|HÃ¶rer|Kommunikation|Telefon|TelefonhÃ¶rer
ğŸ“Ÿ	Pager	Kommunikation|Pager|Piepser
ğŸ“ 	FaxgerÃ¤t	Fax|FaxgerÃ¤t|Kommunikation
ğŸ“¡	SatellitenschÃ¼ssel	Antenne|Sat-SchÃ¼ssel|SatellitenschÃ¼ssel|SatschÃ¼ssel|SchÃ¼ssel
ğŸ“¢	Lautsprecher	Lautsprecher|Megafon|Schallendes Megafon
ğŸ“£	Megafon	Jubel|Lautsprecher|Megafon
ğŸ“¤	Postausgang	Ablage|E-Mail|Postausgang
ğŸ“¥	Posteingang	Ablage|E-Mail|Posteingang
ğŸ“¦	Paket	PÃ¤ckchen|Paket
ğŸ“§	E-Mail	Brief|E-Mail|E-Mail-Symbol|Post
ğŸ“¨	eingehender Briefumschlag	E-Mail|eingehender Briefumschlag|empfangen|Umschlag
ğŸ“©	Umschlag mit Pfeil	E-Mail|gesendet|Umschlag mit Pfeil
ğŸ“ª	geschlossener Briefkasten ohne Post	Briefkasten|geschlossen|geschlossener Briefkasten ohne Post|Geschlossener Briefkasten ohne Post|keine E-Mail|keine Post|Post
ğŸ“«	geschlossener Briefkasten mit Post	Briefkasten|E-Mail|geschlossen|geschlossener Briefkasten mit Post|Geschlossener Briefkasten mit Post|Post
ğŸ“¬	offener Briefkasten mit Post	Briefkasten|E-Mail|offen|offener Briefkasten mit Post|Offener Briefkasten mit Post|Post
ğŸ“­	offener Briefkasten ohne Post	Briefkasten|keine E-Mail|keine Post|offen|offener Briefkasten ohne Post|Post
ğŸ“®	Briefkasten	Brief|Briefkasten|Post
ğŸ“¯	Posthorn	Brief|E-Mail|Post|Posthorn
ğŸ“°	Zeitung	Medien|Nachrichten|Presse|Zeitung
ğŸ“±	Mobiltelefon	Handy|iPhone|Mobiltelefon|Smartphone|telefonieren
ğŸ“²	Mobiltelefon mit Pfeil	Anruf|Anrufen|Handy|iPhone|Kommunikation|Mobiltelefon|Mobiltelefon mit Pfeil|Pfeil|WhatsApp
ğŸ“³	Vibrationsmodus	Handy|Kommunikation|Mobiltelefon|Symbol fÃ¼r Vibrationsalarm|Vibration|Vibrationsmodus|vibrieren
ğŸ“´	Mobiltelefon aus	ausschalten|Handy aus|Mobiltelefon|Mobiltelefon aus
ğŸ“µ	Mobiltelefone verboten	Handy|Mobiltelefon|Mobiltelefone verboten|Verbot
ğŸ“¶	balkenfÃ¶rmige SignalstÃ¤rkenanzeige	balkenfÃ¶rmige SignalstÃ¤rkenanzeige|BalkenfÃ¶rmige SignalstÃ¤rkenanzeige|Empfang|Mobilfunksignal|Mobiltelefon|SignalstÃ¤rke
ğŸ“·	Fotoapparat	Fotoapparat|Fotos|Kamera
ğŸ“¸	Fotoapparat mit Blitz	Blitz|Fotoapparat|Fotoapparat mit Blitz
ğŸ“¹	Videokamera	filmen|Videokamera|Videos
ğŸ“º	Fernseher	Fernsehen|Fernseher|Film|TV
ğŸ“»	Radio	Musik|Radio
ğŸ“¼	Videokassette	vhs|Video|Videokassette
ğŸ“¿	Gebetskette	beten|Gebet|Gebetskette|Kette|Religion|Rosenkranz
ğŸ”€	Zufallsmodus	gekreuzt|Pfeile|Richtung|verschlungene Pfeile nach rechts|Verschlungene Pfeile nach rechts|Zufallsmodus
ğŸ”	Wiederholen	im Uhrzeigersinn|keycap|Pfeile|tastenkappe|wiederholen|Wiederholen
ğŸ”‚	Titel wiederholen	dasselbe wiederholen|einmal|im Uhrzeigersinn|noch einmal|Pfeile|Titel wiederholen|wiederholen
ğŸ”ƒ	kreisfÃ¶rmige Pfeile im Uhrzeigersinn	im Uhrzeigersinn|kreisfÃ¶rmige Pfeile im Uhrzeigersinn|KreisfÃ¶rmige Pfeile im Uhrzeigersinn|Pfeile
ğŸ”„	Pfeile gegen den Uhrzeigersinn	gegen den Uhrzeigersinn|kreisfÃ¶rmige Pfeile gegen den Uhrzeigersinn|KreisfÃ¶rmige Pfeile gegen den Uhrzeigersinn|Pfeile|Pfeile gegen den Uhrzeigersinn
ğŸ”…	Taste Dimmen	dimmen|gedimmt|Helligkeit|schwache Helligkeit|Schwache Helligkeit|Taste Dimmen
ğŸ”†	Heller-Taste	heller|Heller-Taste|Helligkeit|starke Helligkeit|Starke Helligkeit
ğŸ”‡	durchgestrichener Lautsprecher	durchgestrichener Lautsprecher|Durchgestrichener Lautsprecher|leise|psst|stumm|stummgeschaltet
ğŸ”ˆ	Lautsprecher mit geringer LautstÃ¤rke	eingeschaltet|Lautsprecher mit geringer LautstÃ¤rke|Ton an
ğŸ”‰	Lautsprecher mit mittlerer LautstÃ¤rke	Lautsprecher mit einer Schallwelle|Lautsprecher mit mittlerer LautstÃ¤rke|leise|mittellaut|Ton
ğŸ”Š	Lautsprecher mit hoher LautstÃ¤rke	Dezibel|laut|Lautsprecher mit drei Schallwellen|Lautsprecher mit hoher LautstÃ¤rke|Musik|Schallwellen
ğŸ”‹	Batterie	Akku|Batterie
ğŸ”Œ	Netzstecker	Netzstecker|Stecker|Stromstecker
ğŸ”	Lupe nach links	Lupe nach links|Suche|VergrÃ¶ÃŸerungsglas
ğŸ”	Lupe nach rechts	Lupe|Lupe nach rechts|Suche|VergrÃ¶ÃŸerungsglas
ğŸ”	Schloss mit FÃ¼ller	Datenschutz|privat|Schloss mit FÃ¼ller|Sicherheit
ğŸ”	Schloss mit SchlÃ¼ssel	Datenschutz|privat|Schloss mit SchlÃ¼ssel|Sicherheit
ğŸ”‘	SchlÃ¼ssel	Passwort|schlieÃŸen|SchlÃ¼ssel
ğŸ”’	geschlossenes Schloss	Datenschutz|geschlossen|geschlossenes Schloss|Geschlossenes Schloss|Schloss|Sicherheit
ğŸ”“	offenes Schloss	nicht gesichert|offen|offenes Schloss|Offenes Schloss|Schloss
ğŸ””	Glocke	ding dong|Glocke|Klingeling|Ton eingeschaltet
ğŸ”•	durchgestrichene Glocke	durchgestrichene Glocke|Durchgestrichene Glocke|Glocke|kein ton|leise|Ton ausgeschaltet
ğŸ”–	Lesezeichen	Etikett|Lesen|Lesezeichen
ğŸ”—	Linksymbol	Kettenglieder|Linksymbol|verknÃ¼pfen|VerknÃ¼pfung|VerknÃ¼pfungssymbol|zwei Ringe
ğŸ”˜	Optionsfeld	Optionsfeld|SchaltflÃ¤che
ğŸ”™	BACK-Pfeil	BACK-Pfeil|links|Pfeil|zurÃ¼ck
ğŸ”š	END-Pfeil	END-Pfeil|Ende-Zeichen|links|Pfeil
ğŸ”›	ON!-Pfeil	anschalten|Ein-Zeichen|einschaltem|ON!-Pfeil|Pfeil|rechts und links
ğŸ”œ	SOON-Pfeil	Bald-Zeichen|Pfeil|rechts|SOON-Pfeil
ğŸ”	TOP-Pfeil	Pfeil nach oben|TOP-Pfeil|Top-Zeichen
ğŸ”	MinderjÃ¤hrige verboten	Erwachsene|MinderjÃ¤hrige verboten|Mindestalter|nicht jugendfrei|Zeichen mit durchgestrichener 18
ğŸ” 	Eingabesymbol lateinische GroÃŸbuchstaben	abcd|Buchstaben|Eingabe|Eingabesymbol|GroÃŸbuchstaben|groÃŸschreiben|lateinisch
ğŸ”¡	Eingabesymbol lateinische Kleinbuchstaben	Eingabesymbol lateinische Kleinbuchstaben|Kleinbuchstaben|lateinische Kleinbuchstaben
ğŸ”¢	Eingabesymbol Zahlen	1234|Eingabe|Eingabesymbol|Symbol|Zahlen|Ziffern
ğŸ”£	Eingabesymbol Sonderzeichen	&|%|â™ª|ã€’|Eingabe|Eingabesymbol|keycap|Sonderzeichen|Symbol|Tastenkappe
ğŸ”¤	Eingabesymbol lateinische Buchstaben	abc|Alphabet|Buchstaben|Eingabe|Eingabesymbol|lateinisch|Symbol
ğŸ”¥	Feuer	brennen|Feuer|Flamme|heiÃŸ
ğŸ”¦	Taschenlampe	Lampe|Licht|Taschenlampe
ğŸ”§	SchraubenschlÃ¼ssel	SchraubenschlÃ¼ssel|Werkzeug
ğŸ”¨	Hammer	Hammer|Werkzeug
ğŸ”©	Mutter und Schraube	Mutter und Schraube|Schraube
ğŸ”ª	KÃ¼chenmesser	KÃ¼chenmesser|Messer|schneiden
ğŸ”«	Wasserpistole	Pistole|Revolver|Waffe|Wasserpistole
ğŸ”¬	Mikroskop	Labor|Mikroskop|untersuchen|Wissenschaft
ğŸ”­	Teleskop	Himmel|Teleskop
ğŸ”®	Kristallkugel	Kristallkugel|Wahrsager|Zukunft
ğŸ”¯	Hexagramm mit Punkt	Hexagramm mit Punkt|Wahrsager
ğŸ”°	japanisches AnfÃ¤nger-Zeichen	AnfÃ¤nger|japanisches AnfÃ¤nger-Zeichen|Japanisches AnfÃ¤nger-Zeichen|japanisches Symbol
ğŸ”±	Dreizack	Anker|Dreizack|Poseidon|Triton
ğŸ”²	schwarze quadratische SchaltflÃ¤che	quadratisch|SchaltflÃ¤che|schwarz|schwarze quadratische SchaltflÃ¤che|Schwarze quadratische SchaltflÃ¤che
ğŸ”³	weiÃŸe quadratische SchaltflÃ¤che	Quadrat|quadratisch|SchaltflÃ¤che|weiÃŸ|weiÃŸe quadratische SchaltflÃ¤che|WeiÃŸe quadratische SchaltflÃ¤che
ğŸ”´	roter Punkt	Ball|Punkt|rot|roter Punkt
ğŸ”µ	blauer Punkt	Ball|blau|blauer Punkt|GroÃŸer blauer Kreis|Kreis|Punkt
ğŸ”¶	groÃŸe orangefarbene Raute	groÃŸe orangefarbene Raute|GroÃŸe orangefarbene Raute|orangefarben|Raute
ğŸ”·	groÃŸe blaue Raute	blau|groÃŸe blaue Raute|GroÃŸe blaue Raute|Raute
ğŸ”¸	kleine orangefarbene Raute	kleine orangefarbene Raute|Kleine orangefarbene Raute|orangefarben|Raute
ğŸ”¹	kleine blaue Raute	blau|kleine blaue Raute|Kleine blaue Raute|Raute
ğŸ”º	rotes Dreieck mit der Spitze nach oben	aufwÃ¤rts|Dreieck|rot|rotes Dreieck mit der Spitze nach oben|Rotes Dreieck mit Spitze oben
ğŸ”»	rotes Dreieck mit der Spitze nach unten	abwÃ¤rts|Dreieck|rot|rotes Dreieck mit der Spitze nach unten
ğŸ”¼	AufwÃ¤rts-SchaltflÃ¤che	aufwÃ¤rts|AufwÃ¤rts-SchaltflÃ¤che|nach oben|Pfeil|SchaltflÃ¤che
ğŸ”½	AbwÃ¤rts-SchaltflÃ¤che	abwÃ¤rts|AbwÃ¤rts-SchaltflÃ¤che|nach unten|Pfeil|SchaltflÃ¤che
ğŸ•‹	Kaaba	Hajj|Islam|Kaaba|Moslem|Muslim|Religion
ğŸ•Œ	Moschee	Islam|Moschee|Moslem|Muslim|Religion
ğŸ•	Synagoge	Jude|jÃ¼disch|Religion|Synagoge|Tempel
ğŸ•	Menora	Leuchter|Menora|Religion
ğŸ•	1:00 Uhr	01:00|1|1:00 Uhr|13:00|Punkt eins|Uhr|Zeit|Ziffernblatt 1:00 Uhr|Ziffernblatt 1.00 Uhr
ğŸ•‘	2:00 Uhr	2|2:00 Uhr|Uhr|Zeit|Ziffernblatt 2:00 Uhr|Ziffernblatt 2.00 Uhr
ğŸ•’	3:00 Uhr	3|3:00 Uhr|Uhr|Zeit|Ziffernblatt 3:00 Uhr|Ziffernblatt 3.00 Uhr
ğŸ•“	4:00 Uhr	4|4:00 Uhr|Uhr|Zeit|Ziffernblatt 4:00 Uhr|Ziffernblatt 4.00 Uhr
ğŸ•”	5:00 Uhr	05:00|17:00|5|5:00 Uhr|Punkt fÃ¼nf|Uhr|Zeit|Ziffernblatt 5:00 Uhr|Ziffernblatt 5.00 Uhr
ğŸ••	6:00 Uhr	6|6:00 Uhr|Uhr|Zeit|Ziffernblatt 6:00 Uhr|Ziffernblatt 6.00 Uhr
ğŸ•–	7:00 Uhr	7|7:00 Uhr|Uhr|Ziffernblatt 7:00 Uhr|Ziffernblatt 7.00 Uhr
ğŸ•—	8:00 Uhr	8|8:00 Uhr|Uhr|um 8|Zeit|Ziffernblatt 8:00 Uhr|Ziffernblatt 8.00 Uhr
ğŸ•˜	9:00 Uhr	9|9:00 Uhr|Uhr|Zeit|Ziffernblatt 9:00 Uhr|Ziffernblatt 9.00 Uhr
ğŸ•™	10:00 Uhr	10|10:00 Uhr|Uhr|Zeit|Ziffernblatt 10:00 Uhr|Ziffernblatt 10.00 Uhr
ğŸ•š	11:00 Uhr	11|11:00 Uhr|Uhr|Zeit|Ziffernblatt 11:00 Uhr|Ziffernblatt 11.00 Uhr
ğŸ•›	Ziffernblatt 12:00 Uhr	0 Uhr|12|12:00 Uhr|Mittag|Mitternacht|Uhr|Ziffernblatt 12:00 Uhr|Ziffernblatt 12.00 Uhr|zwÃ¶lf Uhr
ğŸ•œ	1:30 Uhr	1 Uhr 30|1:30 Uhr|halb zwei|Uhr|Ziffernblatt 1:30 Uhr|Ziffernblatt 1.30 Uhr
ğŸ•	2:30 Uhr	2:30 Uhr|halb drei|Uhr|Zeit|Ziffernblatt 2:30 Uhr|Ziffernblatt 2.30 Uhr
ğŸ•	3:30 Uhr	3:30 Uhr|halb vier|Uhr|Ziffernblatt 3:30 Uhr|Ziffernblatt 3.30 Uhr
ğŸ•Ÿ	4:30 Uhr	04:30|16:30|4:30 Uhr|halb fÃ¼nf|Uhr|Zeit|Ziffernblatt 4:30 Uhr|Ziffernblatt 4.30 Uhr
ğŸ• 	5:30 Uhr	05:30|17:30|5:30 Uhr|halb sechs|Uhr|Ziffernblatt 5:30 Uhr|Ziffernblatt 5.30 Uhr
ğŸ•¡	6:30 Uhr	6:30 Uhr|halb sieben|Uhr|Ziffernblatt 6.30 Uhr
ğŸ•¢	7:30 Uhr	7:30 Uhr|halb acht|Uhr|Zeit|Ziffernblatt 7:30 Uhr|Ziffernblatt 7.30 Uhr
ğŸ•£	8:30 Uhr	8:30 Uhr|halb neun|Uhr|Ziffernblatt 8:30 Uhr|Ziffernblatt 8.30 Uhr
ğŸ•¤	9:30 Uhr	9:30 Uhr|halb zehn|Uhr|Zeit|Ziffernblatt 9:30 Uhr|Ziffernblatt 9.30 Uhr
ğŸ•¥	10:30 Uhr	10:30 Uhr|halb elf|Uhr|Ziffernblatt 10:30 Uhr|Ziffernblatt 10.30 Uhr
ğŸ•¦	11:30 Uhr	11:30 Uhr|halb zwÃ¶lf|Uhr|Zeit|Ziffernblatt 11:30 Uhr|Ziffernblatt 11.30 Uhr
ğŸ•§	12:30 Uhr	00:30|12:30|halb eins|Uhr|Zeit|Ziffernblatt 12:30 Uhr|Ziffernblatt 12.30 Uhr
ğŸ•º	tanzender Mann	elegant|festlich|Flair|Flamenco|Mann|Salsa|Schwung|Tango|Tanz|Tanzen|TÃ¤nzer
ğŸ–•	Mittelfinger	Finger|Hand|Mittelfinger
ğŸ––	vulkanischer GruÃŸ	Finger|GruÃŸ|grÃ¼ÃŸen|Hand|HÃ¤nde|spreizen
ğŸ–¤	schwarzes Herz	bÃ¶se|Herz|schwarz|schwarzes Herz
ğŸ—»	Fuji	Berg|Fuji|Vulkan
ğŸ—¼	Tokyo Tower	Fernsehturm|Tokio|Tokyo Tower
ğŸ—½	Freiheitsstatue	Amerika|Freiheit|Freiheitsstatue
ğŸ—¾	Umriss von Japan	Japan|Karte|Umriss von Japan
ğŸ—¿	Statue	Gesicht|Maske|Osterinsel|Statue
ğŸ˜€	grinsendes Gesicht	froh|frÃ¶hlich|Gesicht|grinsen|haha|lachen|lol|lustig|Smiley
ğŸ˜	strahlendes Gesicht mit lachenden Augen	Augen|frÃ¶hlich|Gesicht|grinsen|happy|lÃ¤cheln|lachen|lustig|Smiley|strahlen|ZÃ¤hne
ğŸ˜‚	Gesicht mit FreudentrÃ¤nen	Freude|FreudentrÃ¤nen|frÃ¶hlich|Gesicht|haha|happy|hehe|hihi|lachen|lol|lustig|muahaha|rofl|Smiley|TrÃ¤nen|witzig
ğŸ˜ƒ	grinsendes Gesicht mit groÃŸen Augen	Augen|frÃ¶hlich|Gesicht|glÃ¼cklich|grinsen|groÃŸe|lÃ¤cheln|lachen|lol|lustig|Mund|offen|Smiley
ğŸ˜„	grinsendes Gesicht mit lachenden Augen	Augen|frÃ¶hlich|geschlossen|Gesicht|glÃ¼cklich|grinsen|lÃ¤cheln|lachen|lol|lustig|Mund|offen|Smiley|witzig
ğŸ˜…	grinsendes Gesicht mit SchweiÃŸtropfen	Gesicht|grinsen|lÃ¤cheln|lachen|lustig|Mund|nervÃ¶s|offen|SchweiÃŸ|SchweiÃŸtropfen|schwitzen|Smiley
ğŸ˜†	Grinsegesicht mit zugekniffenen Augen	Augen|geschlossen|Gesicht|Grinsegesicht|grinsen|haha|hehe|hihi|lachen|lol|lustig|Mund|offen|Smiley|witzig|zugekniffen|zusammengekniffen
ğŸ˜‡	lÃ¤chelndes Gesicht mit Heiligenschein	brav|Engel|Gesicht|glÃ¼cklich|Heiligenschein|LÃ¤cheln|lieb|seelig|Smiley
ğŸ˜ˆ	grinsendes Gesicht mit HÃ¶rnern	bÃ¶se|DÃ¤mon|DÃ¤monin|Fantasie|grinsen|HÃ¶rner|lila|MÃ¤rchen|Satan|Smiley|Teufel|violett
ğŸ˜‰	zwinkerndes Gesicht	Auge|flirten|Gesicht|sexy|Smiley|zudrÃ¼cken|zugedrÃ¼ckt|zukneifen|zuzwinkern|Zwinkern
ğŸ˜Š	lÃ¤chelndes Gesicht mit lachenden Augen	Augen|errÃ¶ten|Freude|freundlich|Gesicht|glÃ¼cklich|lÃ¤cheln|lachen|rot|Wangen
ğŸ˜‹	sich die Lippen leckendes Gesicht	Gesicht|lÃ¤cheln|lecker|leckeres Essen|Sich die Lippen leckender Smiley|sich die Lippen leckendes Gesicht|Smiley|Zunge
ğŸ˜Œ	erleichtertes Gesicht	Augen|entspannt|erleichtert|geschlossen|Gesicht|Smiley|Zen|zufrieden
ğŸ˜	lÃ¤chelndes Gesicht mit herzfÃ¶rmigen Augen	Augen|Gesicht|glÃ¼cklich|Herzen|herzfÃ¶rmig|lÃ¤cheln|Liebe|Smiley|verliebt
ğŸ˜	lÃ¤chelndes Gesicht mit Sonnenbrille	cool|Gesicht|lÃ¤cheln|Smiley|Sonnenbrille
ğŸ˜	sÃ¼ffisant lÃ¤chelndes Gesicht	feixen|flirten|Gesicht|lÃ¤cheln|Mundwinkel|schief|Smiley|sÃ¼ffisant
ğŸ˜	neutrales Gesicht	ausdruckslos|Gesicht|kommentarlos|neutral|Smiley|todernst|unbeeindruckt
ğŸ˜‘	ausdrucksloses Gesicht	ausdruckslos|Gesicht|kommentarlos|selbstgefÃ¤llig|Smiley|unbeeindruckt|unglaublich
ğŸ˜’	verstimmtes Gesicht	Gesicht|langweilig|Smiley|traurig|unglÃ¼cklich|unzufrieden|verstimmt
ğŸ˜“	bedrÃ¼cktes Gesicht mit SchweiÃŸ	AngstschweiÃŸ|Augen|bedrÃ¼ckt|geschlossen|Gesicht|Kopfschmerzen|SchweiÃŸ|Smiley
ğŸ˜”	nachdenkliches Gesicht	enttÃ¤uscht|Gesicht|nachdenklich|schrecklich|Smiley|traurig|verlieren|verloren
ğŸ˜•	verwundertes Gesicht	Gesicht|keine Ahnung|Smiley|traurig|verwirrt|verwundert|weiÃŸ nicht
ğŸ˜–	verwirrtes Gesicht	bestÃ¼rzt|frustriert|Gesicht|konfus|Smiley|verwirrt|verzweifelt
ğŸ˜—	kÃ¼ssendes Gesicht	flirten|Gesicht|HDL|Knutsch|Kuss|kÃ¼ssen|Smiley|xoxo
ğŸ˜˜	Kuss zuwerfendes Gesicht	flirten|Gesicht|Kuss|KÃ¼sschen|kÃ¼ssen|lieb|Smiley|zuwerfen
ğŸ˜™	kÃ¼ssendes Gesicht mit lÃ¤chelnden Augen	Augen|flirten|Gesicht|knutsch|Kuss|kÃ¼ssen|lÃ¤cheln|Smiley
ğŸ˜š	kÃ¼ssendes Gesicht mit geschlossenen Augen	geschlossen|Gesicht|Knutsch|Kuss|KÃ¼sschen|kÃ¼ssen|rot|Smiley|ugen|Wangen
ğŸ˜›	Gesicht mit herausgestreckter Zunge	Ã¤tsch|bÃ¤h|Gesicht|herausgestreckt|lachen|lustig|Smiley|Zunge
ğŸ˜œ	zwinkerndes Gesicht mit herausgestreckter Zunge	Auge|Gesicht|herausgestreckt|herausstrecken|Smiley|zudrÃ¼cken|zugedrÃ¼ckt|Zunge|Zwinkern
ğŸ˜	Gesicht mit herausgestreckter Zunge und zusammengekniffenen Augen	Auge|Augen|bÃ¤h|ekel|Gesicht|herausgestreckt|herausstrecken|igitt|schmeck|schrecklich|Smiley|Zunge|zusammengekniffen|zusammenkneifen
ğŸ˜	enttÃ¤uschtes Gesicht	enttÃ¤uscht|Gesicht|leider|schade|Smiley|traurig|verloren
ğŸ˜Ÿ	besorgtes Gesicht	besorgt|Gesicht|Smiley|sorgen|traurig
ğŸ˜ 	verÃ¤rgertes Gesicht	Ã¤rgern|bÃ¶se|Gesicht|Smiley|verÃ¤rgert|Wut|wÃ¼tend|zornig
ğŸ˜¡	schmollendes Gesicht	Gesicht|rot|Rot angelaufener Smiley|schmollendes Gesicht|wÃ¼tend
ğŸ˜¢	weinendes Gesicht	Gesicht|Smiley|TrÃ¤ne|traurig|weinen
ğŸ˜£	entschlossenes Gesicht	ausdauernd|durchhalten|Fokus|Gesicht|Konzentration|konzentrieren|Kopfschmerzen
ğŸ˜¤	schnaubendes Gesicht	erleichtert|Gesicht|gewonnen|schnaubendes Gesicht
ğŸ˜¥	trauriges aber erleichtertes Gesicht	Ã¤ngstlich|enttÃ¤uscht|erleichtert|Gesicht|knapp|SchweiÃŸ|traurig
ğŸ˜¦	entsetztes Gesicht	entsetzt|Gesicht|Mund|offen|schockiert|Smiley|verwundert
ğŸ˜§	qualvolles Gesicht	arm|Gesicht|leidend|qualvoll|Smiley|vergessen|wow
ğŸ˜¨	Ã¤ngstliches Gesicht	Angst|Ã¤ngstlich|besorgt|Gesicht
ğŸ˜©	erschÃ¶pftes Gesicht	erschÃ¶pft|Fehlschlag|Gesicht|hungrig|mÃ¼de|nein|Smiley|unglÃ¼cklich
ğŸ˜ª	schlÃ¤friges Gesicht	Gesicht|gute|mÃ¼de|Nacht|schlÃ¤frig|Smiley|traurig
ğŸ˜«	mÃ¼des Gesicht	Gesicht|mÃ¼de|niesen|Smiley|traurig
ğŸ˜¬	Grimassen schneidendes Gesicht	Gesicht|Grimasse|peinlich|schneiden|Smiley|verziehen|ZÃ¤hne
ğŸ˜­	heulendes Gesicht	flennen|Gesicht|heulen|schluchzen|Smiley|TrÃ¤nen|TrÃ¤nenfluss|traurig|weinen
ğŸ˜®	Gesicht mit offenem Mund	erstaunt|Gesicht|Mund|offen|omg|schockiert|unglaublich|vergessen|wow
ğŸ˜®â€ğŸ’¨	Gesicht, das ausatmet	ausatmen|erleichtert|erschÃ¶pft|Gesicht|husten|puh|pusten|schnaufen|Seufz|seufzen|Smiley
ğŸ˜¯	verdutztes Gesicht	erstaunt|Gesicht|omg|Smiley|sprachlos|verdutzt
ğŸ˜°	besorgtes Gesicht mit SchweiÃŸtropfen	Angst|Ã¤ngstlich|AngstschweiÃŸ|besorgt|Gesicht|Mund|nervÃ¶s|offen|SchweiÃŸ
ğŸ˜±	vor Angst schreiendes Gesicht	Angst|Ã¤ngstlich|Gesicht|Munch|omg|Panik|Schrei|schreien|schreiend
ğŸ˜²	erstauntes Gesicht	erstaunt|Gesicht|nee|omg|schockiert|Smiley|verwundert
ğŸ˜³	errÃ¶tetes Gesicht mit groÃŸen Augen	Augen|errÃ¶ten|Gesicht|groÃŸ|peinlich|rot|Scham|schÃ¤men|Smiley|Ã¼berrascht|verlegen|Wangen
ğŸ˜´	schlafendes Gesicht	dÃ¶sen|einschlafen|gÃ¤hnen|Gesicht|gute Nacht|langweilig|Mittagsschlaf|mÃ¼de|Nickerchen|Schlaf|schlafen|Smiley|zzz
ğŸ˜µ	benommenes Gesicht	Augen|benommen|Gesicht|ko|krank|Kreuze|schwindelig|schwindlig|Smiley
ğŸ˜µâ€ğŸ’«	Gesicht mit Spiralen als Augen	Augen|Gesicht|HÃ¶henangst|Hypnose|hypnotisiert|omg|schwindelig|schwindlig|Smiley|Spiralen|verwirrt|wirr
ğŸ˜¶	Gesicht ohne Mund	Gesicht|kein|Mund|ohne|Smiley|sprachlos
ğŸ˜·	Gesicht mit Atemschutzmaske	Arzt|Atemschutzmaske|Bazillen|erkÃ¤ltet|Gesicht|krank|Krankheit|Mund|Mundschutz|Schutzmaske|Smiley|Viren|Virus
ğŸ˜¸	grinsende Katze mit lachenden Augen	Augen|Gesicht|grinsen|Katze|Katzengesicht|lachen|Smiley|Tier
ğŸ˜¹	Katze mit FreudentrÃ¤nen	Freude|FreudentrÃ¤nen|Gesicht|Katze|Katzengesicht|lachen|Smiley|Tier|TrÃ¤nen
ğŸ˜º	grinsende Katze	Gesicht|grinsen|Katze|Katzengesicht|lachen|lol|lustig|Mund|offen|Smiley|Tier
ğŸ˜»	lachende Katze mit Herzen als Augen	Augen|Gesicht|Herzaugen|Herzen|Katze|Katzengesicht|lÃ¤cheln|lachen|Liebe|Smiley|Tier|verliebt
ğŸ˜¼	verwegen lÃ¤chelnde Katze	Gesicht|grinsen|ironisch|Katze|Katzengesicht|lÃ¤cheln|lachen|Smiley|Tier|verwegen
ğŸ˜½	kÃ¼ssende Katze	Augen|geschlossen|Gesicht|Katze|Katzengesicht|Kuss|KÃ¼sschen|KÃ¼sse|kÃ¼ssen|rot|Smiley|Tier|Wangen
ğŸ˜¾	schmollende Katze	Gesicht|Katze|Katzengesicht|schmollen|Schmollmund|Smiley|Tier|verÃ¤rgert
ğŸ˜¿	weinende Katze	Gesicht|Katze|Katzengesicht|Smiley|Tier|TrÃ¤ne|traurig|weinen
ğŸ™€	erschÃ¶pfte Katze	Angst|erschÃ¶pft|Gesicht|Katze|Katzengesicht|Panik|Schock|schockiert|Schrei|schreien|Smiley|Tier|Ã¼berrascht
ğŸ™	betrÃ¼btes Gesicht	betrÃ¼bt|Gesicht|schade|Smiley|traurig
ğŸ™‚	leicht lÃ¤chelndes Gesicht	Gesicht|lÃ¤cheln|leicht|Smiley
ğŸ™ƒ	umgekehrtes Gesicht	auf dem Kopf|Gesicht|lÃ¤cheln|Smiley|stehen|umgekehrt
ğŸ™„	Augen verdrehendes Gesicht	Augen|genervt|Gesicht|meinetwegen|nerv|ohje|rollen|Smiley|verdrehen|verrollen
ğŸ™…	Person mit Ã¼berkreuzten Armen	Arme|Gesicht|NEIN|nicht|Person|Ã¼berkreuzt|verbieten|verboten
ğŸ™†	Person mit HÃ¤nden auf dem Kopf	Geste|HÃ¤nde|oje|OK|omg|Person|Ã¼ber Kopf|Ãœbung
ğŸ™‡	sich verbeugende Person	Bedauern|bitten|Demut|Entschuldigung|Geste|Kniefall|Meditation|meditieren|Person|sorry|unterwerfen|verbeugen|Verzeihung
ğŸ™ˆ	sich die Augen zuhaltendes Affengesicht	Affe|Affengesicht|Augen|bÃ¶se|Geheimnis|gemein|Geste|nein|omg|sehen|Tier|verboten|vergessen|verstecken|zuhalten
ğŸ™‰	sich die Ohren zuhaltendes Affengesicht	Affe|Affengesicht|bÃ¶se|Geheimnis|gemein|Geste|hÃ¶ren|nein|Ohren|Tier|verboten|zuhalten|zuhÃ¶ren
ğŸ™Š	sich den Mund zuhaltendes Affengesicht	Affe|Affengesicht|bÃ¶se|Geheimnis|gemein|Geste|Hand|heimlich|leise|Mund|nein|sagen|sprechen|still|Tier|ups|verboten|zuhalten
ğŸ™‹	Person mit erhobenem Arm	aufzeigen|drankommen|drannehmen|Frage|Geste|Hand|heben|hier|ich|Person|sich melden|wissen
ğŸ™Œ	zwei erhobene HandflÃ¤chen	erhoben|feiern|Geste|HÃ¤nde|HandflÃ¤chen|hurra|zwei
ğŸ™	missmutige Person	frustriert|Gesicht|missmutig|Person|runzeln|stirnrunzelnd|unzufrieden|verÃ¤rgert
ğŸ™	schmollende Person	eingeschnappt|enttÃ¤uscht|jammerd|jammern|Person|schmollen|schmollend|verÃ¤rgert
ğŸ™	zusammengelegte HandflÃ¤chen	beten|betend|bitten|danke|danken|Gebet|gefaltet|grÃ¼ÃŸen|HandflÃ¤chen|zusammengelegt
ğŸš€	Rakete	All|Rakete|Weltraum
ğŸš	Hubschrauber	fliegen|Helikopter|Hubschrauber|reisen
ğŸš‚	Dampflokomotive	Bahn|Dampf|Dampflok|Dampflokomotive|Fahrzeug|Lokomotive|Schiene|Zug
ğŸšƒ	Eisenbahnwagen	Eisenbahnwagen|Fahrzeug|StraÃŸenbahn|StraÃŸenbahnwagen|Tram|Wagen|Waggon|Wagon|Zug
ğŸš„	Hochgeschwindigkeitszug mit spitzer Nase	Hochgeschwindigkeitszug mit spitzer Nase|ICE|Shinkansen|TGV|Zug
ğŸš…	Hochgeschwindigkeitszug	Bahn|Hochgeschwindigkeitszug|Japan|Shinkansen|Zug
ğŸš†	Zug	Bahn|Eisenbahn|ICE|Zug
ğŸš‡	U-Bahn	Metro|U-Bahn
ğŸšˆ	S-Bahn	Bahn|ICE|Monorail|S-Bahn|Zug
ğŸš‰	Bahnhof	Bahn|Bahnhof|Zug
ğŸšŠ	StraÃŸenbahn	StraÃŸenbahn|Tram|Verkehrsmittel
ğŸš‹	StraÃŸenbahnwagen	StraÃŸenbahn|StraÃŸenbahnwagen|Tram|Tramwagen|Transport|Verkehrsmittel|Waggon
ğŸšŒ	Bus	Bus|Fahrzeug|Schulbus
ğŸš	Bus von vorne	Bus|Bus von vorne|Verkehrsmittel|Vorderansicht Bus
ğŸš	Oberleitungsbus	Oberleitungsbus|StraÃŸenbahn|Trolleybus
ğŸš	Bushaltestelle	Bus|Bushaltestelle|Haltestelle
ğŸš	Kleinbus	Bus|Fahrzeug|Kleinbus
ğŸš‘	Krankenwagen	Ambulanz|Krankenwagen|Notfall
ğŸš’	Feuerwehrauto	Brand|Feuerwehrauto|LÃ¶schfahrzeug
ğŸš“	Polizeiwagen	Polizei|Polizeiwagen|Streifenwagen
ğŸš”	Polizeiwagen von vorne	Polizei|Polizeiwagen von vorne|Streifenwagen|Vorderansicht Polizeiwagen
ğŸš•	Taxi	Auto|Fahrzeug|Taxi
ğŸš–	Taxi von vorne	Auto|fahren|gelb|Taxi|Taxi von vorne|Vorderansicht Taxi
ğŸš—	Auto	Auto|fahren|Fahrzeug|rot|Verkehr
ğŸš˜	Auto von vorne	Auto|Auto von vorne|Automobil|Fahrzeug|rot|Vorderansicht Auto
ğŸš™	Wohnmobil	Auto|blau|fahren|verreisen|Wohnmobil
ğŸšš	Lieferwagen	Lastwagen|Lieferwagen|LKW
ğŸš›	Sattelzug	Lastwagen|LKW|Sattelzug|umziehen|ziehen um
ğŸšœ	Traktor	Bauernhof|Landwirtschaft|Traktor|Trecker
ğŸš	Einschienenbahn	Bahn|Einschienenbahn|Magnetschwebebahn|Monorail
ğŸš	Bergbahn	Bahn|Bergbahn|Bimmelbahn|Zug
ğŸšŸ	Schwebebahn	HÃ¤ngebahn|Schwebebahn
ğŸš 	Bergschwebebahn	Bergschwebebahn|Schwebebahn
ğŸš¡	Bergseilbahn	Bergseilbahn|Gondel|Seilbahn
ğŸš¢	Schiff	Dampfer|Kreuzfahrtschiff|Schiff|Traumschiff
ğŸš£	Person im Ruderboot	Angeln|Boot|Kanu|Paddel|Person|Person im Ruderboot|Ruderboot|Rudern|Sport
ğŸš¤	Schnellboot	Boot|Luxus|Schnellboot|See|Sommer|Wasser|Yacht
ğŸš¥	horizontale Verkehrsampel	Ampel|horizontale Verkehrsampel|Horizontale Verkehrsampel|Verkehrsampel|vertikal
ğŸš¦	vertikale Verkehrsampel	Ampel|horizontal|Verkehrsampel|vertikale Verkehrsampel|Vertikale Verkehrsampel
ğŸš§	Baustellenabsperrung	Baustelle|Baustellenabsperrung|Baustellenschild|Schild
ğŸš¨	Polizeilicht	Polizei|Polizeilicht|Sirene
ğŸš©	Wimpel	Dreiecksflagge|Flagge|rot|Standortflagge|Wimpel
ğŸšª	TÃ¼r	Eingang|geschlossen|TÃ¼r
ğŸš«	Verboten	kein zutritt|Kein-Zutritt-Zeichen|Verboten|Verbotszeichen
ğŸš¬	Zigarette	Kippe|Rauchen|Rauchersymbol|Zigarette
ğŸš­	Rauchverbot	Rauchen verboten|Rauchverbot|Zigarette
ğŸš®	Symbol â€Papierkorbâ€œ	Abfall|MÃ¼ll|MÃ¼lleimer|Sauberkeit|Symbol â€Papierkorbâ€œ|wegschmeiÃŸen|wegwerfen
ğŸš¯	Abfall verboten	Abfall|MÃ¼ll|MÃ¼ll-verboten-Zeichen|verboten
ğŸš°	Trinkwasser	Trinkwasser|Wasser|Wasserhahn
ğŸš±	Kein Trinkwasser	kein Trinkwasser|Kein Trinkwasser|verboten|verschmutzt|Wasser
ğŸš²	Fahrrad	BMX|Fahrrad|Rad|Radeln|Radler|Spinning
ğŸš³	FahrrÃ¤der verboten	Fahhrad|Fahrrad-verboten-Schild|FahrrÃ¤der verboten|Radfahren verboten|verboten
ğŸš´	Radfahrer(in)	Fahrrad|Person|Rad|radeln|Radfahren|Radfahrer|Radfahrer(in)|Radfahrerin|Sport|Tour de France
ğŸšµ	Mountainbiker(in)	Fahrrad|Mountainbiker|Mountainbiker(in)|Mountainbikerin|Mountainbiking|Person|Rad|Radfahren|Radfahrer|Radfahrerin|Sport|Tour de France
ğŸš¶	FuÃŸgÃ¤nger(in)	FuÃŸgÃ¤nger|FuÃŸgÃ¤nger(in)|FuÃŸgÃ¤ngerin|gehen|gehend|Person|schlendern|schlurfen|wandern
ğŸš·	FuÃŸgÃ¤nger verboten	FuÃŸgÃ¤nger verboten|FuÃŸgÃ¤nger-verboten-Schild|verboten
ğŸš¸	Kinder Ã¼berqueren die StraÃŸe	Kinder|Kinder Ã¼berqueren die StraÃŸe|Kinder-queren-die-StraÃŸe-Schild|StraÃŸenschild|Vorsicht
ğŸš¹	Herren	Herren|Herrentoilette|WC
ğŸšº	Damen	Damen|Damentoilette|WC
ğŸš»	Toiletten	Toilette|Toiletten|WC
ğŸš¼	Symbol â€Babyâ€œ	Baby|Symbol â€Babyâ€œ|Wickelraum
ğŸš½	Toilette	Klo|Toilette|WC
ğŸš¾	WC	Toilette|WC
ğŸš¿	Dusche	Dusche|Duschkopf
ğŸ›€	badende Person	Bad|baden|badende Person|Badewanne|Badezimmer|Dusche|entspannen
ğŸ›	Badewanne	Bad|Badewanne|Badezimmer|Dusche
ğŸ›‚	Passkontrolle	Pass|Passkontrolle
ğŸ›ƒ	Zollkontrolle	Zoll|Zollkontrolle
ğŸ›„	GepÃ¤ckausgabe	GepÃ¤ck|GepÃ¤ckausgabe
ğŸ›…	GepÃ¤ckaufbewahrung	GepÃ¤ck|GepÃ¤ckaufbewahrung|SchlieÃŸfach
ğŸ›Œ	im Bett liegende Person	Bett|gute Nacht|Heia|im Bett liegende Person|Im Bett liegende Person|mÃ¼de|Nachtruhe|schlaf schÃ¶n|schlafen|zzz
ğŸ›	religiÃ¶se StÃ¤tte	KultstÃ¤tte|Religion|religiÃ¶se StÃ¤tte
ğŸ›‘	Stoppschild	achteckig|Schild|Stopp|Stoppschild
ğŸ›’	Einkaufswagen	einkaufen|Einkaufswagen
ğŸ›•	Hindutempel	GebÃ¤ude|Hindu|Hindutempel|Tempel
ğŸ›–	HÃ¼tte	Behausung|GebÃ¤ude|Haus|HÃ¼tte|Jurte|Objekt|Rundhaus|Schutz
ğŸ›—	Fahrstuhl	Aufzug|Fahrstuhl|Haus|Lift|Symbol|Transport
ğŸ›œ	WLAN	Computer|drahtlos|Hotspot|Internet|kabellos|Netzwerk|Router|Verbindung|Wi-Fi|WLAN
ğŸ›	Spielplatzrutsche	Rutschbahn|Rutsche|spielen|Spielplatz|Spielplatzrutsche|VergnÃ¼gungspark
ğŸ›	Autorad	Autorad|Autoreifen|drehen|Rad|Reifen|Reifen mit Felgen|rotieren
ğŸ›Ÿ	Rettungsring	Leben retten|Lebensretter|retten|Rettung|Rettungsring|Schwimmring|Sicherheit
ğŸ›«	Abflug	Abflug|fliegen|Flughafen|Flugzeug|Start|Start eines Flugzeugs
ğŸ›¬	Landung eines Flugzeugs	Ankunft|Flieger|Flughafen|Flugzeug|landen|Landung|Landung eines Flugzeugs
ğŸ›´	Tretroller	Roller|Tretroller
ğŸ›µ	Motorroller	Motoroller|Motorroller|Roller|Vespa
ğŸ›¶	Kanu	Boot|Kanu|Wassersport
ğŸ›·	Schlitten	Rodel|Rodeln|Schlitten|Schnee
ğŸ›¸	fliegende Untertasse	Alien|AuÃŸerirdisch|fliegende Untertasse|UFO
ğŸ›¹	Skateboard	Board|Brett|RÃ¤der|Skateboard|Skateboard fahren|skaten|Skater
ğŸ›º	Autorikscha	Autorikscha|Fahrzeug|Tuk-Tuk
ğŸ›»	Pick-up	Auto|fahren|Fahrzeug|Laster|Lastwagen|Lieferwagen|LKW|Pick-up|Transport
ğŸ›¼	Rollschuh	Rollen|Rollerskate|Rollschuh|Rollschuh laufen|Schuh|Sport
ğŸŸ 	oranger Punkt	Form|Kreis|orange|orange Scheibe|oranger Kreis|oranger Punkt|Punkt
ğŸŸ¡	gelber Punkt	Form|gelb|gelbe Scheibe|gelber Kreis|gelber Punkt|Kreis|Punkt|Scheibe
ğŸŸ¢	grÃ¼ner Punkt	Form|grÃ¼n|grÃ¼ne Scheibe|grÃ¼ner Kreis|grÃ¼ner Punkt|Kreis|Punkt
ğŸŸ£	lila Punkt	Form|Kreis|lila|Punkt|Scheibe|violett
ğŸŸ¤	brauner Punkt	braun|braune Scheibe|brauner Kreis|brauner Punkt|Form|Kreis|Punkt
ğŸŸ¥	rotes Quadrat	Form|Quadrat|rot|rotes Quadrat|rotes Viereck|Viereck
ğŸŸ¦	blaues Quadrat	blau|blaues Quadrat|blaues Viereck|Form|Quadrat|Viereck
ğŸŸ§	oranges Quadrat	Form|orange|oranges Quadrat|oranges Viereck|Quadrat|Viereck
ğŸŸ¨	gelbes Quadrat	Form|gelb|gelbes Quadrat|gelbes Viereck|Quadrat|Viereck
ğŸŸ©	grÃ¼nes Quadrat	Form|grÃ¼n|grÃ¼nes Quadrat|grÃ¼nes Viereck|Quadrat|Viereck
ğŸŸª	lila Quadrat	Form|lila|Quadrat|Viereck|violett
ğŸŸ«	braunes Quadrat	braun|braunes Quadrat|braunes Viereck|Form|Quadrat|Viereck
ğŸŸ°	Gleichheitszeichen extrafett	gleich|Gleichheit|Gleichheitszeichen|Gleichheitszeichen extrafett|ist gleich|Mathematik|Vergleichszeichen
ğŸ¤Œ	zusammengedrÃ¼ckte Finger	BÃ¼ndelhand|Finger|Fingerspitzen|gehts noch|Geste|Hand|Handgeste|italienisch|was|zusammengedrÃ¼ckt|zusammengelegt
ğŸ¤	weiÃŸes Herz	Herz|weiÃŸ|weiÃŸes Herz
ğŸ¤	braunes Herz	braun|braunes Herz|Herz
ğŸ¤	Wenig-Geste	Betrag|Finger|gering|Geste|Hand|klein|Menge|unbedeutend|wenig|Wenig-Geste|winzig
ğŸ¤	Gesicht mit ReiÃŸverschlussmund	Geheimnis|Gesicht|halten|Mund|ReiÃŸverschluss|schweigen|Smiley|wahren
ğŸ¤‘	Gesicht mit Dollarzeichen	Dollar|Dollarzeichen|Geld|Gesicht|Mund|Smiley|Zunge
ğŸ¤’	Gesicht mit Fieberthermometer	Fieber|Gesicht|krank|messen|Smiley|Thermometer
ğŸ¤“	Strebergesicht	Brille|Gesicht|intelligent|klug|Nerd|schlau|Schlaumeier|smart|Smiley|Streber|Strebergesicht
ğŸ¤”	nachdenkendes Gesicht	fragen|Gesicht|grÃ¼beln|hm|komisch|nachdenken|nachdenklich|Smiley|wundern
ğŸ¤•	Gesicht mit Kopfverband	aua|autsch|Gesicht|Kopf|Schmerzen|Smiley|Verband|Verletzung
ğŸ¤–	Roboter	Gesicht|Monster|Roboter|Robotergesicht|Roboterkopf
ğŸ¤—	Gesicht mit umarmenden HÃ¤nden	drÃ¼cken|Gesicht|HÃ¤nde|Smiley|umarmen|Umarmung
ğŸ¤˜	TeufelsgruÃŸ	corna|Finger|Hand|Heavy|HÃ¶rner|Mano cornuta|Metal|Metalhand|Pommesgabel|Rock|Teufel|TeufelsgruÃŸ|yeah
ğŸ¤™	Ruf-mich-an-Handzeichen	Anruf|anrufen|Hand|ruf|Ruf-mich-an-Handzeichen|Shaka
ğŸ¤š	erhobene Hand von hinten	erhoben|erhobene Hand von hinten|erhobener HandrÃ¼cken|Hand
ğŸ¤›	Faust nach links	Faust|Hand|nach links
ğŸ¤œ	Faust nach rechts	Faust|Hand|nach rechts
ğŸ¤	Handschlag	HÃ¤nde|HÃ¤ndeschÃ¼tteln|Handschlag|Vereinbarung
ğŸ¤	Hand mit gekreuzten Fingern	Finger|gekreuzt|Hand|Hand mit gekreuzten Fingern
ğŸ¤Ÿ	Ich-liebe-dich-Geste	drei|Finger|Geste|Hand|hdl|Ich-liebe-dich-Geste|Liebe
ğŸ¤ 	Gesicht mit Cowboyhut	Cowboy|Cowboyhut|Cowgirl|Gesicht|Hut|Smiley
ğŸ¤¡	Clown-Gesicht	Clown|Clown-Gesicht|Gesicht
ğŸ¤¢	wÃ¼rgendes Gesicht	ekel|eklig|erbrechen|Gesicht|grÃ¼n|igitt|Smiley|Ãœbelkeit|Ã¼bergeben|widerlich|wÃ¼rgen
ğŸ¤£	sich vor Lachen auf dem Boden wÃ¤lzen	Boden|Gesicht|haha|hehe|lachen|lol|lustig|muahaha|rofl|Smiley|TrÃ¤nen|wÃ¤lzen|witzig
ğŸ¤¤	sabberndes Gesicht	Gesicht|sabbern|Smiley
ğŸ¤¥	lÃ¼gendes Gesicht	Gesicht|LÃ¼ge|Nase|Pinocchio|Schwindel
ğŸ¤¦	sich an den Kopf fassende Person	fassen|frustriert|genervt|Gesicht|Kopf|oh nein|OMG|Person|unfassbar|unglaublich|verzweifelt
ğŸ¤§	niesendes Gesicht	erkÃ¤ltet|ErkÃ¤ltung|Gesicht|Gesundheit|Grippe|hatschi|krank|Nase|niesen|putzen|Smiley|Taschentuch
ğŸ¤¨	Gesicht mit hochgezogenen Augenbrauen	argwÃ¶hnisch|Augenbrauen|Gesicht|hochgezogen|misstrauen|skeptisch|Smiley|stutzig|Zweifel
ğŸ¤©	Ã¼berwÃ¤ltigt	aufgeregt|Augen|Gesicht|grinsen|Smiley|Star|Stern|Ã¼berwÃ¤ltigt|wow
ğŸ¤ª	irres Gesicht	Auge|Augen|Gesicht|groÃŸ|irre|klein|Smiley|verrÃ¼ckt
ğŸ¤«	ermahnendes Gesicht	ermahnen|Finger|Gesicht|leise|psst|pst|Ruhe|ruhig|sch|Smiley
ğŸ¤¬	Gesicht mit Symbolen Ã¼ber dem Mund	Ã„rger|Ã¤rgern|fluchen|Gesicht|Mund|schimpfen|Schimpfwort|Smiley|Symbole|verdammt|Wut|wÃ¼tend|Zensur
ğŸ¤­	verlegen kicherndes Gesicht	Gesicht|haha|Hand|hihi|Huch|kichern|lachen|Mund|rot|Smiley|verlegen|Wangen
ğŸ¤®	kotzendes Gesicht	brechen|erbrechen|Gesicht|kotzen|krank|schlecht|Smiley|speien|spucken|Ã¼bel|Ã¼bergeben
ğŸ¤¯	explodierender Kopf	entsetzt|explodieren|geschockt|Gesicht|Kopf|Schock|schockiert|Smiley|Ã¼berwÃ¤ltigt|unglaublich
ğŸ¤°	schwangere Frau	Frau|schwanger|schwangere Frau
ğŸ¤±	Stillen	Baby|Brust|Frau|Person|stillen|Stillen
ğŸ¤²	HandflÃ¤chen nach oben	beten|Gebet|Hand|HÃ¤nde|nach oben|zusammen
ğŸ¤³	Selfie	Selfie|Smartphone
ğŸ¤´	Prinz	Krone|Prinz
ğŸ¤µ	Person im Smoking	Anzug|BrÃ¤utigam|formell|Mann|Person|Person im Smoking|Smoking|vornehm
ğŸ¤¶	Weihnachtsfrau	Weihnachten|Weihnachtsfrau
ğŸ¤·	schulterzuckende Person	egal|gleichgÃ¼ltig|keine Ahnung|Person|Schultern zucken|schulterzuckend|weiÃŸ nicht|Zweifel
ğŸ¤¸	Rad schlagende Person	Akrobatik|Bodenturnen|Gymnastik|Person|Rad|Rad schlagen|Rad schlagende Person|Radschlag|Sport|Turner|Turnerin
ğŸ¤¹	Jongleur(in)	Artist|Artistin|geschickt|Jongleur|Jongleur(in)|Jongleurin|Jongleuse|jonglieren|Multitasking|Person|Zirkus
ğŸ¤º	Fechter(in)	fechten|Fechter|Fechter(in)|Schwert|Sport
ğŸ¤¼	Ringer(in)	Catchen|Catcher|Person|ringen|Ringer|Ringer(in)|Ringkampf|Sport|Sportler|Wrestler|Wrestling
ğŸ¤½	Wasserballspieler(in)	Person|Schwimmsport|Sport|Sportler|Sportlerin|Wasser|Wasserball|Wasserballspieler|Wasserballspieler(in)|Wasserballspielerin|Wassersport
ğŸ¤¾	Handballspieler(in)	Handball|Handballer|Handballerin|Handballspieler|Handballspieler(in)|Handballspielerin|Person|schleudern|Sport|Sportler|werfen
ğŸ¤¿	Tauchmaske	schnorcheln|schwimmen|Sport|Sporttauchen|tauchen|Tauchmaske
ğŸ¥€	welke Blume	am sterben|Blume|sterbend|verwelkt|welk|welke Blume|welkende Blume
ğŸ¥	Trommel	Drumsticks|Instrument|Musik|SchlÃ¤gel|Sticks|Trommel|TrommelstÃ¶cke
ğŸ¥‚	SektglÃ¤ser	anstoÃŸen|Feier|feiern|GetrÃ¤nk|GlÃ¤ser|prost|Sekt|SektglÃ¤ser
ğŸ¥ƒ	Trinkglas	Bar|Schnaps|Trinkglas|Whiskey
ğŸ¥„	LÃ¶ffel	Besteck|LÃ¶ffel
ğŸ¥…	Tor	FuÃŸball|Netz|Sport|Tor
ğŸ¥‡	Goldmedaille	Erster|Gewinn|Goldmedaille|Medaille 1. Platz
ğŸ¥ˆ	Silbermedaille	Medaille 2. Platz|Silbermedaille|Zweiter
ğŸ¥‰	Bronzemedaille	Bronzemedaille|Dritter|Medaille 3. Platz
ğŸ¥Š	Boxhandschuh	Boxen|Boxhandschuh|Handschuh|Sport
ğŸ¥‹	Kampfsportanzug	Judo|Kampfkunst|Kampfsport|Kampfsportanzug|Karate|Taekwondo
ğŸ¥Œ	Curlingstein	Curlingstein|Spiel|Sport|Stein
ğŸ¥	Lacrosse	Ball|Lacrosse|SchlÃ¤ger|Sport|Stick|Stock|Tor
ğŸ¥	Softball	Ball|Baseball|Handschuh|Softball|Sport|Unterarm|werfen
ğŸ¥	Frisbee	Disc|Disk|fliegende Untertasse|Frisbee|Scheibe|Ultimate
ğŸ¥	Croissant	Corissant|Croissant|franzÃ¶sisch|FrÃ¼hstÃ¼ck|FrÃ¼hstÃ¼ckshÃ¶rnchen
ğŸ¥‘	Avocado	Avocado|Essen|Frucht
ğŸ¥’	Gurke	Essen|GemÃ¼se|Gurke|Scheiben
ğŸ¥“	Bacon	Bacon|Essen|FrÃ¼hstÃ¼cksspeck|Speck|Speckstreifen
ğŸ¥”	Kartoffel	Essen|GemÃ¼se|Kartoffel
ğŸ¥•	Karotte	GemÃ¼se|Karotte|MÃ¶hre|MohrrÃ¼be
ğŸ¥–	Baguette	Baguette|Brot|franzÃ¶sisch|FrÃ¼hstÃ¼ck
ğŸ¥—	Salat	BlattgemÃ¼se|Essen|gesund|grÃ¼n|Salat
ğŸ¥˜	Pfannengericht	Essen|Paella|Pfannengericht|Reispfanne
ğŸ¥™	DÃ¶ner	DÃ¶ner|DÃ¶ner Kebab|Falafel|Wrap
ğŸ¥š	Ei	Ei|FrÃ¼hstÃ¼ck|FrÃ¼hstÃ¼cksei
ğŸ¥›	Glas Milch	GetrÃ¤nk|Glas|Milch|trinken
ğŸ¥œ	Erdnuss	Erdnuss|Essen
ğŸ¥	Kiwi	Frucht|Kiwi|Obst
ğŸ¥	Pfannkuchen	Crepe|Eierpfannkuchen|Essen|Pfannkuchen
ğŸ¥Ÿ	Teigtasche	chinesische Teigtasche|dumpling|empanada|Empanada|essen|GyÅza|Jiaozi|kloÃŸ|Pierogi|potsticker|Teigtasche
ğŸ¥ 	GlÃ¼ckskeks	essen|GlÃ¼ckskeks|Prophezeiung
ğŸ¥¡	Takeaway-Schachtel	chinesisches essen|essen|stÃ¤bchen|Takeaway-Box|Takeaway-Schachtel
ğŸ¥¢	EssstÃ¤bchen	chinesisches essen|essen|EssstÃ¤bchen|Hashi|japanisches essen|stÃ¤bchen|StÃ¤bchen
ğŸ¥£	SchÃ¼ssel mit LÃ¶ffel	brei|Cerealien|essen|FrÃ¼hstÃ¼ck|haferbrei|Reisbrei|schÃ¼ssel|SchÃ¼ssel mit LÃ¶ffel|suppe
ğŸ¥¤	Becher mit Strohhalm	becher|Becher mit Strohhalm|brause|erfrischung|Saft|Selters|soda|strohhalm|trinken|trinkhalm|wasser
ğŸ¥¥	Kokosnuss	Colada|Essen|Frucht|Kokosnuss|Palme|PiÃ±a
ğŸ¥¦	Brokkoli	Broccoli|Brokkoli|essen|GemÃ¼se|GemÃ¼sekohl|Kohl
ğŸ¥§	Kuchen	Essen|FÃ¼llung|GebÃ¤ck|Kuchen|Pastete|Torte
ğŸ¥¨	Brezel	brezel|Brezel|brezen|brezn|essen|gedreht|oktoberfest
ğŸ¥©	FleischstÃ¼ck	essen|Fleisch|FleischstÃ¼ck|Kotelett|Lammkotelett|rot|Schnitzel|Schweinekotelett|Steak
ğŸ¥ª	Sandwich	brot|Brot|essen|sandwich|Sandwich
ğŸ¥«	Konserve	BÃ¼chse|Dose|essen|Konserve
ğŸ¥¬	BlattgemÃ¼se	BlattgemÃ¼se|blattgrÃ¼n|Essen|GemÃ¼se|GrÃ¼nkohl|GrÃ¼nzeug|Kohl|Kraut|Mangold|Pak Choi|Pok Choi|Salat|Salatblatt|Spinat
ğŸ¥­	Mango	Essen|Frucht|FrÃ¼chte|Mango|Obst|Shaker|tropisch
ğŸ¥®	Mondkuchen	Essen|Fest|Festival|Herbst|Kuchen|Mondfest|Mondkuchen|Pinyin|Yuebing
ğŸ¥¯	Bagel	BÃ¤ckerei|Backwaren|Bagel|BrÃ¶tchen|Essen|FrÃ¼hstÃ¼ck|Pausenbrot
ğŸ¥°	lÃ¤chelndes Gesicht mit Herzen	3|anhimmeln|bewundern|Gesicht|HDGDL|HDL|Herzchen|Herzen|lÃ¤cheln|lieb|Liebe|Smiley|verknallt|verliebt|verzÃ¼ckt
ğŸ¥±	gÃ¤hnendes Gesicht	gÃ¤hnen|gÃ¤hnend|gelangweilt|Gesicht|langweilig|mÃ¼de|Ã¶de|schnarch|Smiley|zzz
ğŸ¥²	lachendes Gesicht mit TrÃ¤ne	berÃ¼hrt|dankbar|erleichtert|FreudentrÃ¤ne|gerÃ¼hrt|Gesicht|lÃ¤cheln|Smiley|stolz|TrÃ¤ne
ğŸ¥³	Partygesicht	aufgeregt|Feier|Fest|frÃ¶hlich|Geburtstag|Gesicht|GlÃ¼ckwunsch|Hurra|Hut|Party|Smiley|Ãœberraschung
ğŸ¥´	schwindeliges Gesicht	angeheitert|angeschwipst|angetrunken|benebelt|berauscht|beschwipst|betrunken|gewellt|Mund|schwindelig|schwindlig|Smiley
ğŸ¥µ	schwitzendes Gesicht	erhitzt|Fieber|fiebrig|Gesicht|heiÃŸ|herausstrecken|Hitze|Hitzschlag|rot|schnaufen|schwitzen|Smiley|Zunge
ğŸ¥¶	frierendes Gesicht	bibbern|blau|eisig|erfrieren|frieren|frÃ¶steln|frostig|Gesicht|kalt|Smiley|unter Null|ZÃ¤hne|ZÃ¤hneklappern|zittern
ğŸ¥·	Ninja	Ausdauer|Geheimmission|KÃ¤mpfer|Killer|Krieger|Kunoichi|MÃ¶rder|Ninja|Person|Shinobi|Soldat|vermummt
ğŸ¥¸	verkleidet	Brille|Gesicht|incognito|inkognito|Maske|Nase|Nasenbrille|Person|Smiley|spionieren|verdeckt|verkleidet|Verkleidung
ğŸ¥¹	Gesicht, das TrÃ¤nen zurÃ¼ckhÃ¤lt	aufgebracht|dankbar|Freude|FreudentrÃ¤nen|gerÃ¼hrt|Gesicht|RÃ¼hrung|Smiley|stolz|TrÃ¤nen|weinen|zurÃ¼ckhalten
ğŸ¥º	bettelndes Gesicht	anflehen|Augen|betteln|bettelnd|bitte|bitten|flehend|Gesicht|groÃŸ|Kulleraugen|Smiley|traurig|Welpenaugen
ğŸ¥»	Sari	Kleid|Kleidung|Sari
ğŸ¥¼	Laborkittel	Arzt|Arztkittel|Doc|Doktor|Experiment|Kleidung|KleidungsstÃ¼ck|Laborkittel|Labormantel|weiÃŸe Jacke|weiÃŸer Mantel|Wissenschaftler
ğŸ¥½	Schutzbrille	Augenschutz|Brille|Schutzbrille|schweiÃŸen|SchweiÃŸen|SchweiÃŸerbrille|schwimmen|Schwimmen|tauchen|Taucherbrille
ğŸ¥¾	Wanderstiefel	brauner Schuh|campen|Camping|KleidungsstÃ¼ck|Outdoor|Rucksacktour|Schuh|Stiefel|Wandern|Wanderstiefel|Wanderung
ğŸ¥¿	flacher Schuh	Ballerina|Ballet-Pumps|bequem|flacher Schuh|Frauenschuh|KleidungsstÃ¼ck|Schuh|Slipper
ğŸ¦€	Krebs	Krabbe|Krebs|Meer|Sternzeichen|Strand|Tierkreis
ğŸ¦	LÃ¶we	Gesicht|LÃ¶we|LÃ¶wengesicht|Sternzeichen|Tier|Tierkreis
ğŸ¦‚	Skorpion	Horoskop|Skorpion|Sternzeichen|Tierkreis
ğŸ¦ƒ	Truthahn	GeflÃ¼gel|Pute|Thanksgiving|Truthahn
ğŸ¦„	Einhorn	Einhorn|Einhorngesicht|Gesicht
ğŸ¦…	Adler	Adler|Tier|Vogel
ğŸ¦†	Ente	Ente|Tier|Vogel
ğŸ¦‡	Fledermaus	Fledermaus|Tier|Vampir
ğŸ¦ˆ	Hai	Fisch|Hai|Haifisch|Meer|Tier
ğŸ¦‰	Eule	Eule|Raubvogel|Tier|Uhu|Vogel|weise
ğŸ¦Š	Fuchs	Fuchs|Fuchsgesicht|Gesicht|Tier
ğŸ¦‹	Schmetterling	Insekt|Schmetterling|schÃ¶n
ğŸ¦Œ	Hirsch	Gesicht|Hirsch|Tier
ğŸ¦	Gorilla	Affe|Gesicht|Gorilla|Tier
ğŸ¦	Eidechse	Eidechse|Reptil
ğŸ¦	Nashorn	Nashorn|Rhinozeros|Tier
ğŸ¦	Garnele	Garnele|Gourmet|Krustentier|Meeresfrucht|Shrimp
ğŸ¦‘	Tintenfisch	Kalmar|Tier|Tintenfisch
ğŸ¦’	Giraffe	flecken|Flecken|giraffe|Giraffe|tier
ğŸ¦“	Zebra	streifen|Streifen|tier|zebra|Zebra
ğŸ¦”	Igel	igel|Igel|stachelig|stacheln|tier
ğŸ¦•	Sauropode	Brachiosaurus|Brontosaurus|Dino|Dinosaurier|Diplodocus|Saurier|Sauropode
ğŸ¦–	T-Rex	Dino|dinosaurier|Dinosaurier|saurier|Saurier|t-rex|T-Rex|tree|Tyrannosaurus Rex
ğŸ¦—	Grille	grashÃ¼pfer|grille|Grille|Heuschrecke|insekt|tier|zikade
ğŸ¦˜	KÃ¤nguru	Australien|Beuteltier|Down Under|hÃ¼pfen|HÃ¼pfen|KÃ¤nguru|Quokka|Skippy|springen|Tier|Wallaby
ğŸ¦™	Lama	Alpaca|Alpaka|Anden|Kamel|Lama|Tier|VicuÃ±a|Wolle
ğŸ¦š	Pfau	bunt|Pfau|stolz|stolzieren|Tier|Vogel
ğŸ¦›	Nilpferd	Flusspferd|Hippo|Nilpferd|Tier
ğŸ¦œ	Papagei	ausplaudern|Papagei|Pirat|plappern|sprechen|Tier|Vogel|Wiederholen
ğŸ¦	WaschbÃ¤r	klug|neugierig|schlau|Tier|WaschbÃ¤r
ğŸ¦	Hummer	Hummer|Lobster|Meeresfrucht|MeeresfrÃ¼chte|Meerestier|Scheren|Tier
ğŸ¦Ÿ	MÃ¼cke	Biss|Fieber|Insekt|Insektenbiss|Insektenstich|Krankheit|Malaria|Moskito|MÃ¼cke|Schnake|StechmÃ¼cke|Stich|Tier|Virus
ğŸ¦ 	Mikrobe	AmÃ¶be|AmÃ¶ben|Bakterie|Bakterien|Einzeller|Medizin|Mikrobe|Virus|Wissenschaft
ğŸ¦¡	Dachs	Dachs|Dachse|Frechdachs|Honigdachs|Ratel|Tier
ğŸ¦¢	Schwan	hÃ¤ssliches Entlein|Schwan|Tier|Vogel
ğŸ¦£	Mammut	Aussterben|groÃŸ|Mammut|Natur|StoÃŸzahn|Tier|wollig
ğŸ¦¤	Dodo	Aussterben|Dodo|Dronte|groÃŸ|Mauritius|Natur|Tier|Vogel
ğŸ¦¥	Faultier	faul|Faultier|langsam|Tier|trÃ¤ge
ğŸ¦¦	Otter	fischen|Otter|Tier|verspielt
ğŸ¦§	Orang-Utan	Affe|Orang-Utan|Tier
ğŸ¦¨	Stinktier	Skunk|stinken|Stinktier|Tier
ğŸ¦©	Flamingo	bunt|farbenfroh|Flamingo|rosa|Tier|Tropen|tropisch|Vogel
ğŸ¦ª	Auster	Auster|Meer|Muschel|Perle|tauchen|Tier
ğŸ¦«	Biber	Biber|Biberschwanz|Biberzahn|Damm|Natur|Otter|Tier
ğŸ¦¬	Bison	Bison|BÃ¼ffel|Herde|Ochse|Tier|Wisent
ğŸ¦­	Seehund	Meer|Ozean|Robbe|Seehund|SeelÃ¶we|Tier
ğŸ¦®	Blindenhund	Barrierefreiheit|Behinderung|blind|Blindenhund|Hund|sehbehindert|Tier
ğŸ¦¯	Blindenstock	Barrierefreiheit|Behinderung|blind|Blindenstock|Gehstock
ğŸ¦´	Knochen	Hund|Hundeknochen|Kauknochen|Knochen|Skelett
ğŸ¦µ	Bein	Bein|ExtremitÃ¤t|FuÃŸ|gebeugtes Knie|GliedmaÃŸe|Knie|KÃ¶rperglied|KÃ¶rperteil|Treten|Tritt
ğŸ¦¶	FuÃŸ	FuÃŸ|FÃ¼ÃŸe|Kick|KnÃ¶chel|KÃ¶rperteil|stampfen|treten|Tritt
ğŸ¦·	Zahn	perlweiÃŸ|weiÃŸ|Zahn|Zahnarzt|ZahnÃ¤rztin|ZÃ¤hne
ğŸ¦¸	Superheld(in)	Held|Person|Superheld|Superheld(in)|Superheldin|Superkraft|SuperkrÃ¤fte|Superman|Ãœbermensch|Umhang
ğŸ¦¹	BÃ¶sewicht	bÃ¶se|BÃ¶sewicht|BÃ¶sewichtin|Krimineller|Person|Schurke|Schurkin|SuperkrÃ¤fte|Superschurke|Superschurkin|Verbrecher
ğŸ¦º	Sicherheitsweste	Kleidung|Notfall|Sicherheit|Sicherheitsweste|Weste
ğŸ¦»	Ohr mit HÃ¶rgerÃ¤t	Barrierefreiheit|gehÃ¶rlos|HilfsgerÃ¤t|HÃ¶rgerÃ¤t|HÃ¶rhilfe|Ohr|schwerhÃ¶rig|taub
ğŸ¦¼	elektrischer Rollstuhl	Barrierefreiheit|Behinderung|elektrischer Rollstuhl|Rollstuhl
ğŸ¦½	manueller Rollstuhl	Barrierefreiheit|Behinderung|manueller Rollstuhl|Rollstuhl
ğŸ¦¾	Armprothese	Arm|Armprothese|Barrierefreiheit|Prothese
ğŸ¦¿	Beinprothese	Barrierefreiheit|Bein|Beinprothese|Prothese
ğŸ§€	KÃ¤sestÃ¼ck	KÃ¤se|KÃ¤sestÃ¼ck
ğŸ§	Cupcake	BÃ¤ckerei|Cupcake|Dessert|Essen|GebÃ¤ck|Kalorienbombe|Konditorei|Muffin|Nachspeise|Streusel|sÃ¼ÃŸ|Zucker
ğŸ§‚	Salz	gesalzen|Geschmack|GewÃ¼rz|Salz|salzig|Salzstreuer|WÃ¼rze|Zutat
ğŸ§ƒ	TrinkpÃ¤ckchen	Fruchtsaft|GetrÃ¤nk|Obstsaft|Saft|Saftpackung|TrinkpÃ¤ckchen
ğŸ§„	Knoblauch	Essen|Geschmack|Knoblauch|Lebensmittel|Nahrung|WÃ¼rze|Zutat
ğŸ§…	Zwiebel	Essen|Geschmack|GewÃ¼rz|Lebensmittel|Nahrung|WÃ¼rze|Zwiebel
ğŸ§†	Falafel	BÃ¤llchen|Essen|Falafel|FleischbÃ¤llchen|Kichererbsen|Lebensmittel|Nahrung
ğŸ§‡	Waffel	Essen|Lebensmittel|Nahrung|Waffel|Waffel mit Butter
ğŸ§ˆ	Butter	Butter|Essen|Lebensmittel|Milchprodukt|Nahrung
ğŸ§‰	Mate-Tee	GetrÃ¤nk|Mate-Tee|Tee
ğŸ§Š	EiswÃ¼rfel	Eisberg|EiswÃ¼rfel|gefroren|kalt|kÃ¼hlen|WÃ¼rfel
ğŸ§‹	Bubble Tea	Blase|Bubble Tea|Essen|GetrÃ¤nk|Lebensmittel|Milch|Perle|Taiwan|Tee
ğŸ§Œ	Troll	Fantasy|gruslig|Kobold|MÃ¤rchen|Monster|Ork|Troll|Ungeheuer
ğŸ§	stehende Person	Mensch|Person|Stand|stehen|stehende Person
ğŸ§	kniende Person	Fersensitz|knien|kniend|kniende Person|Meditation|meditieren|Mensch|Person|Seiza|Zazen
ğŸ§	gehÃ¶rlose Person	Barrierefreiheit|gehÃ¶rlos|hÃ¶ren|Ohr|Person|schwerhÃ¶rig|taub
ğŸ§	Gesicht mit Monokel	elegant|Gesicht|Monokel|reich|Smiley
ğŸ§‘	Person	erwachsen|erwachsene Person|Mensch|Person
ğŸ§‘â€ğŸŒ¾	Bauer/BÃ¤uerin	Bauer/BÃ¤uerin|Farmer(in)|GÃ¤rtner(in)|Landwirt(in)
ğŸ§‘â€ğŸ³	Koch/KÃ¶chin	Koch/KÃ¶chin|Kochen
ğŸ§‘â€ğŸ¼	Person, die Baby die Flasche gibt	Baby|Flasche geben|Flasche gebende Person|Person
ğŸ§‘â€ğŸ„	Weihnachtsperson	Gesicht|Gesicht mit Hut|Person|Santa Claus|Weihnachten|Weihnachtsfrau|Weihnachtshut|Weihnachtsmann|WeihnachtsmÃ¼tze|Weihnachtsperson
ğŸ§‘â€ğŸ“	Student(in)	Absolvent(in)|Doktorhut|Student(in)|Uni
ğŸ§‘â€ğŸ¤	SÃ¤nger(in)	Entertainer(in)|Rock|SÃ¤nger(in)|Star
ğŸ§‘â€ğŸ¨	KÃ¼nstler(in)	Farbpalette|KÃ¼nstler(in)|Maler(in)
ğŸ§‘â€ğŸ«	Lehrer(in)	Dozent(in)|Lehrer(in)|Professor(in)
ğŸ§‘â€ğŸ­	Fabrikarbeiter(in)	Arbeiter(in)|Fabrik|Fabrikarbeiter(in)|industriell|Montage
ğŸ§‘â€ğŸ’»	IT-Experte/IT-Expertin	Bildschirm|Computer|Entwickler(in)|IT-Experte/IT-Expertin
ğŸ§‘â€ğŸ’¼	BÃ¼roangestellte(r)	Architekt(in)|BÃ¼roangestellte(r)|Business|Manager(in)|Schlips und Kragen
ğŸ§‘â€ğŸ”§	Mechaniker(in)	Elektriker(in)|Klempner(in)|Mechaniker(in)
ğŸ§‘â€ğŸ”¬	Wissenschaftler(in)	Forscher(in)|Labor|Wissenschaftler(in)
ğŸ§‘â€ğŸš€	Astronaut(in)	Astronaut(in)|Raumfahrt|Weltraum
ğŸ§‘â€ğŸš’	Feuerwehrmann/-frau	Feuerwehrhelm|Feuerwehrmann/-frau
ğŸ§‘â€ğŸ¤â€ğŸ§‘	sich an den HÃ¤nden haltende Personen	HÃ¤ndchen halten|HÃ¤nde|HÃ¤nde halten|Menschen|Paar|PÃ¤rchen|Personen|sich an den HÃ¤nden haltende Personen
ğŸ§‘â€ğŸ¦¯	Person mit Langstock	Barrierefreiheit|blind|Person mit Blindenstock|Person mit Langstock
ğŸ§‘â€ğŸ¦¼	Person in elektrischem Rollstuhl	Barrierefreiheit|Person in elektrischem Rollstuhl|Rollstuhl
ğŸ§‘â€ğŸ¦½	Person in manuellem Rollstuhl	Barrierefreiheit|Person in manuellem Rollstuhl|Rollstuhl
ğŸ§‘â€ğŸ§‘â€ğŸ§’	Familie: 2 Erwachsene, 1 Kind	Erwachsene|Erwachsener|Familie|Kind
ğŸ§‘â€ğŸ§‘â€ğŸ§’â€ğŸ§’	Familie: 2 Erwachsene, 2 Kinder	Erwachsene|Erwachsener|Familie|Kind
ğŸ§‘â€ğŸ§’	Familie: 1 Erwachsene(r), 1 Kind	Erwachsene|Erwachsener|Familie|Kind
ğŸ§‘â€ğŸ§’â€ğŸ§’	Familie: 1 Erwachsene(r), 2 Kinder	Erwachsene|Erwachsener|Familie|Kind
ğŸ§’	Kind	Enkelkind|jung|jÃ¼nger|Kind|munter|strahlend
ğŸ§“	Ã¤ltere Person	alt|Ã¤lter|erwachsen|GroÃŸeltern|Mensch|Person|weise
ğŸ§”	Person: Bart	Bart|bÃ¤rtig|Person|Schnurrbart
ğŸ§•	Frau mit Kopftuch	Frau|Frau mit Kopftuch|Hidschab|Hijab|Kopftuch|Mantilla|Person|Tichel|Tuch
ğŸ§–	Person in Dampfsauna	abschalten|Dampfbad|Dampfsauna|entspannen|Frau|luxuriÃ¶s|Person|Person in Dampfsauna|Relaxen|Sauna|Spa
ğŸ§—	Bergsteiger(in)	Bergsteiger|Bergsteiger(in)|Fels|Kletterer|klettern|Person|Sport
ğŸ§˜	Person im Lotossitz	burmesischer Sitz|Frau|Lotussitz|Meditation|Person|Person im Lotossitz|Person in Lotussitz|Schneidersitz|Yoga|Zen
ğŸ§™	Magier(in)	Hexe|Hexenmeister|Magier|Magier(in)|Magiker|Person|Zauberer|Zauberin|zaubern|Zauberspruch|Zauberstab
ğŸ§š	MÃ¤rchenfee	Elf|Elfe|Fantasy|Fee|FlÃ¼gel|geflÃ¼gelt|MÃ¤rchen|MÃ¤rchenfee|mystisch|Person|Wesen
ğŸ§›	Vampir	Blutsauger|Dracula|Halloween|Person|ReiÃŸzÃ¤hne|untot|Untoter|Vampir|ZÃ¤hne
ğŸ§œ	Wassermensch	MÃ¤rchen|Meerjungfrau|Meermann|Nixe|Person|Sirene|Wasserfrau|Wassermann|Wassermensch
ğŸ§	Elf(e)	Elbe|Elben|Elbin|Elf|Elf(e)|Elfe|Fantasy|Herr der Ringe|Magie|magisch|Person
ğŸ§	Flaschengeist	Aladdin|Aladin|Dschinn|Flaschengeist|Lampe|Person|Wunderlampe|WÃ¼nsche
ğŸ§Ÿ	Zombie	Apokalypse|Halloween|Horror|Person|untot|Untoter|Walking Dead|wandelnder Toter|Zombie
ğŸ§ 	Gehirn	Gehirn|Hirn|intelligent|Intelligenz|klug|schlau
ğŸ§¡	oranges Herz	Herz|Liebe|orange
ğŸ§¢	BaseballmÃ¼tze	Baseball|Baseball-Kappe|Baseball-mÃ¼tze|Baseballkappe|BaseballmÃ¼tze|MÃ¼tze|Schirmkappe
ğŸ§£	Schal	Hals|kalt|Kleidung|Schal|warm anziehen
ğŸ§¤	Handschuhe	Hand|Handschuh|Handschuhe
ğŸ§¥	Mantel	brr|Jacke|kalt|Kleidung|Mantel|warm anziehen
ğŸ§¦	Socken	socken|Socken|strumpf|strÃ¼mpfe|StrÃ¼mpfe
ğŸ§§	roter Umschlag	Geld|Geschenk|GlÃ¼ck|Hong Bao|Hongbao|roter Umschlag
ğŸ§¨	FeuerwerkskÃ¶rper	Dynamit|Explosion|explosiv|Feuer|Feuerwerk|FeuerwerkskÃ¶rper|Funken|Knall|knallen|Knaller|Kracher|Silvester|sprengen|Sprengstoff|ZÃ¼ndstoff
ğŸ§©	Puzzleteil	Bestandteile|Hinweise|Hobby|passen|puzzeln|Puzzle|PuzzlestÃ¼ck|Puzzleteil|Puzzleteile|Spiel|Teile|zusammenpassen|zusammensetzen
ğŸ§ª	Reagenzglas	Chemie|Chemikalie|Chemiker|Experiment|Labor|Reagenzglas|Substanz|Versuche|Wissenschaft
ğŸ§«	Petrischale	Bakterien|Bakterienkultur|Biologe|Biologie|Biologin|Kultur|Labor|Petrischale|Pipette|Probe
ğŸ§¬	DNA	Biologe|Biologie|Biologin|DNA|DNS|Evolution|Gen|Genetik|Genmanipulation|Leben
ğŸ§­	Kompass	Himmelsrichtung|Kompass|magnetisch|Navigation|Orientierung|Richtung|Windrose
ğŸ§®	Abakus	Abaki|Abakus|Abakusse|Berechnung|Kalkulation|Mathe|Mathematik|Rechenhilfe|Rechenrahmen|Rechenschieber|Rechnen|zÃ¤hlen|ZÃ¤hlrahmen
ğŸ§¯	FeuerlÃ¶scher	Feuer|FeuerlÃ¶scher|lÃ¶schen
ğŸ§°	Werkzeugkasten	Box|Handkasten|Kasten|Kiste|Mechaniker|rote Kiste|Werkzeug|Werkzeugkasten|Werkzeugkiste|Werkzeugkoffer
ğŸ§±	Ziegelstein	bauen|Grenze|Klinker|Mauer|Mauerwerk|MÃ¶rtel|Wand|Ziegel|Ziegelstein|Ziegelsteine|zugemauert
ğŸ§²	Magnet	Anziehung|Anziehungskraft|Hufeisen|Magnet|magnetisch|Pole|positiv negativ|U-Form
ğŸ§³	GepÃ¤ck	Ballast|GepÃ¤ck|Hartschalenkoffer|Koffer|Reise|Trolley-Tasche
ğŸ§´	Creme	Creme|Feuchtigkeitscreme|Feuchtigkeitsmilch|Haarwaschmittel|KÃ¶rpercreme|Lotion|Nachtcreme|Shampoo|Sonnencreme
ğŸ§µ	Faden	Faden|Nadel|nÃ¤hen|NÃ¤hen|NÃ¤hfaden|NÃ¤hgarn|Rolle|Spule|Zwirn
ğŸ§¶	WollknÃ¤uel	Ball|Garn|hÃ¤keln|HÃ¤keln|spinnen|stricken|Stricken|Wolle|WollknÃ¤uel|Zwirn
ğŸ§·	Sicherheitsnadel	Punk|Sicherheitsnadel|Windel
ğŸ§¸	TeddybÃ¤r	BÃ¤r|Kuscheltier|PlÃ¼schteddy|PlÃ¼schtier|Spielwaren|Spielzeug|StoffbÃ¤r|Stofftier|Teddy|TeddybÃ¤r
ğŸ§¹	Besen	Besen|fegen|Fegen|Hexe|Hexenbesen|kehren|Kehren|reinigen|sauber machen|sÃ¤ubern
ğŸ§º	Korb	Bauernhof|Korb|Landwirtschaft|Picknick|Tragekorb|WÃ¤sche|WÃ¤schekorb
ğŸ§»	KÃ¼chenrolle	Hygiene|Klopapier|KÃ¼chenrolle|Papierrolle|PapiertÃ¼cher|Toilette|Toilettenpapier|WC|WC-Papier
ğŸ§¼	Seife	baden|Baden|putzen|reinigen|Riegel|sauber|sauber machen|sÃ¤ubern|Schaum|schÃ¤umen|Seife|Seifenschale|SeifenstÃ¼ck
ğŸ§½	Schwamm	absorbieren|aufsaugen|lÃ¶chrig|porÃ¶s|putzen|Putzmittel|reinigen|sauber machen|Schaum|schÃ¤umen|Schwamm
ğŸ§¾	Beleg	Abrechnung|Aufstellung|Beleg|Blatt|Buchhalter|Buchhaltung|Quittung|Rechnung|Rechnungswesen|SchriftstÃ¼ck
ğŸ§¿	Nazar-Amulett	Amulett|blau|bÃ¶ser Blick|Glasperle|GlÃ¼cksbringer|KÃ¼gelchen|Nazar|Nazar-Amulett|Perle|Talisman
ğŸ©°	Ballettschuhe	Ballett|Ballettschuhe|Kleidung|Schuhe|Tanz
ğŸ©±	einteiliger Badeanzug	Badeanzug|einteiliger Badeanzug|Kleidung
ğŸ©²	Slip	Badeanzug|Einteiler|Kleidung|Slip|UnterwÃ¤sche
ğŸ©³	Shorts	Badebekleidung|Badehose|Boxershorts|Kleidung|Schwimmshorts|Shorts
ğŸ©´	Zehensandale	Badelatschen|Flipflops|Latschen|Sandalen|Schuh|Strandschuh|Zehensandale|Zehensandalen
ğŸ©µ	hellblaues Herz	aquamarin|Emotion|gefallen|gefÃ¤llt|GefÃ¼hl|hdl|hellblau|Herz|Liebe|mag|mÃ¶gen|niedlich|sÃ¼ÃŸ|tÃ¼rkis|zyan
ğŸ©¶	graues Herz	Emotion|grau|graues Herz|hdl|Herz|Liebe|schieferfarben|silber|silberfarben
ğŸ©·	pinkes Herz	gefallen|gefÃ¤llt|GefÃ¼hl|Herz|Liebe|mag|mÃ¶gen|niedlich|pink|rosa|sÃ¼ÃŸ|verliebt
ğŸ©¸	Blutstropfen	Blutspende|Blutstropfen|FlÃ¼ssigkeit|Medizin|Menstruation
ğŸ©¹	Heftpflaster	Heftpflaster|Pflaster|verletzt|Wunde
ğŸ©º	Stethoskop	abhÃ¶ren|Arzt|Doktor|Herz|Herzschlag|Medizin|Stethoskop|Untersuchung
ğŸ©»	RÃ¶ntgenbild	durchleuchten|Knochen|Medizin|Radiologie|Rippen|RÃ¶ntgen|RÃ¶ntgenbild|RÃ¶ntgenstrahlen|Skelett
ğŸ©¼	KrÃ¼cke	Behinderung|Beinverletzung|FuÃŸverletzung|Gehhilfe|GehstÃ¼tze|Hilfe|KrÃ¼cke|Schmerzen|Stock|verletzt|Verletzung
ğŸª€	Jo-Jo	Jo-Jo|Spielzeug|Yo-Yo
ğŸª	Drachen	Drachen|fliegen|hochfliegen|steigen|Wind
ğŸª‚	Fallschirm	Fallschirm|Fallschirmspringen|Paragliding|Skydiving|Sport
ğŸªƒ	Bumerang	Aborigines|Australien|Boomerang|Bumerang|Schleuder|Waffe|werfen
ğŸª„	Zauberstab	Abrakadabra|Hexe|Hexer|Magie|magisch|Wunder|Zauberei|Zauberer|Zauberin|zaubern|Zauberstab
ğŸª…	PiÃ±ata	Feier|Hau drauf|mexikanisch|Mexiko|Objekt|Party|Pinada|Pinata|PiÃ±ata|sÃ¼ÃŸ|SÃ¼ÃŸigkeiten
ğŸª†	Matroschka	Babuschka|Matrioschka|Matrjoschka|Matroschka|Puppe|Russland|Spielzeug
ğŸª‡	Maracas	Cha-Cha-Cha|Instrument|Maracas|Musik|Musikinstrument|musizieren|Party|Percussion|Rassel|rasseln|Tanz|tanzen
ğŸªˆ	FlÃ¶te	Band|Blaskapelle|FlÃ¶te|Holzblasinstrument|Instrument|Musik|Musikinstrument|musizieren|Orchester|Spielmannszug
ğŸª‰	Harfe	Amor|Cupido|Harfe|Instrument|Liebe|Musik|Orchester
ğŸª	Schaufel	graben|Loch|Schaufel|Schippe|Spaten
ğŸª	Ringplanet	Gasplanet|HimmelskÃ¶rper|Planet|Ringplanet|Saturn
ğŸª‘	Stuhl	Holzstuhl|MÃ¶bel|sitzen|Stuhl
ğŸª’	Rasierer	Klinge|rasieren|Rasierer|Rasiermesser|scharf
ğŸª“	Axt	Axt|Beil|hacken|Holz|spalten|Werkzeug
ğŸª”	Ã–llampe	Diya|Lampe|Ã–l|Ã–llampe
ğŸª•	Banjo	Banjo|Instrument|Musik|Saiteninstrument|Zupfinstrument
ğŸª–	MilitÃ¤rhelm	Armee|Heer|Helm|KÃ¤mpfer|KÃ¤mpferin|Krieg|MilitÃ¤r|MilitÃ¤rhelm|Schutzhelm|Soldat|Soldatin
ğŸª—	Akkordeon	Akkordeon|Akkordeons|Concertina|Harmonika|Instrument|Musik|Musikinstrument|Quetschkommode|Quetschkommoden|Schifferklavier|spielen|Ziehharmonika|Ziehharmonikas
ğŸª˜	afrikanische Trommel	afrikanische Trommel|Conga|Handtrommel|Instrument|Musikinstrument|Rhythmus|Trommel|trommeln
ğŸª™	MÃ¼nze	bezahlen|Dollar|Euro|Geld|Gold|Goldesel|Metall|MÃ¼nze|reich|Schatz|Silber|sparen
ğŸªš	HandsÃ¤ge	HandsÃ¤ge|Holz|SÃ¤ge|sÃ¤gen|Tischler|trimmen|Werkzeug
ğŸª›	Schraubenzieher	Schraube|schrauben|Schraubendreher|Schraubenzieher|Werkzeug
ğŸªœ	Leiter	hochsteigen|Holzleiter|klettern|Leiter|Sprosse|Stufe
ğŸª	Haken	Angelhaken|aufhaken|aufhÃ¤ngen|einhaken|Haken|hÃ¤ngen|Metallhaken
ğŸª	Spiegel	Holzspiegel|Reflexion|Spiegel|Spiegelbild|Wandspiegel
ğŸªŸ	Fenster	Aussicht|durchsichtig|Fenster|Fensterrahmen|frische Luft|Glas|Haus|lÃ¼ften|Ã–ffnung|Rahmen
ğŸª 	Saugglocke	Abfluss|Gummiglocke|Klempner|Klo|PÃ¶mpel|PÃ¼mpel|SanitÃ¤r|Saugglocke|Saugglocken|Toilette|verstopft|WC|Werkzeug
ğŸª¡	NÃ¤hnadel	einfÃ¤deln|Faden|Nadel|Nadel und Faden|nÃ¤hen|NÃ¤hnadel|NÃ¤hte|schneidern|Stiche|sticken
ğŸª¢	Knoten	Achterknoten|binden|Knoten|Schnur|SchnÃ¼rsenkel|Seemansknoten|Segelboot|segeln|Seil|verknoten|zusammendrehen
ğŸª£	Eimer	BehÃ¤lter|Bottich|Eimer|KÃ¼bel|Wassereimer
ğŸª¤	Mausefalle	anlocken|Falle|KÃ¤se|Maus|Mausefalle|MÃ¤usefalle
ğŸª¥	ZahnbÃ¼rste	Badezimmer|BÃ¼rste|KÃ¶rperpflege|Mundhygiene|putzen|sauber|ZahnbÃ¼rste|ZÃ¤hne|Zahnhygiene
ğŸª¦	Grabstein	Friedhof|Grab|Grabstein|RIP|tot
ğŸª§	Protestschild	AnkÃ¼ndigung|Bekanntmachung|Demonstration|Hinweis|Mahnwache|Plakat|Protest|Protestschild|Schild
ğŸª¨	Felsen	Felsen|felsig|hart|Natur|schwer|Stein|steinig
ğŸª©	Discokugel	Disco|Discokugel|Lichtreflexe|Party|Spiegel|Spiegelkugel|Tanz|tanzen
ğŸªª	Ausweis	Ausweis|Dokument|FÃ¼hrerschein|Karte|Pass|Personalausweis|Plakette|Reisepass
ğŸª«	schwache Batterie	Akku|Akku fast leer|Akku leer|aufladen|Batterie|Batterie fast leer|Batterie leer|Elektronik|Ladestand|niedriger Akkustand|schwache Batterie|schwacher Akku
ğŸª¬	Hamsa	Amulett|Auge in offener Hand|Fatima|GlÃ¼ckssymbol|Hamsa|Hand|jÃ¼disch|Maria|muslimisch|Schutz
ğŸª­	FaltfÃ¤cher	AbkÃ¼hlung|FÃ¤cher|FaltfÃ¤cher|flirten|heiÃŸ|kÃ¼hlen|Luft zufÃ¤cheln|schÃ¼chtern|spanisch|Tanz|warm
ğŸª®	Haarkamm	afro|Afro|Afro Pick|Haare|Haarkamm|Kamm|kÃ¤mmen
ğŸª¯	Khanda	Deg Tegh Fateh|Glaube|Khalsa|Khanda|Khanda-Emblem|Religion|Schwert|Sikh|Sikhismus
ğŸª°	Fliege	Fliege|fliegen|Insekt|Krankheit|Made|MÃ¼cke|Plage|SchmeiÃŸfliege|Tier|verwesen
ğŸª±	Wurm	Insekt|Natur|Parasit|Regenwurm|Ringelwurm|Tier|Wurm
ğŸª²	KÃ¤fer	Insekt|KÃ¤fer|Krabbeltier|MinzkÃ¤fer|Tier|Wanze
ğŸª³	Kakerlake	Insekt|KÃ¤fer|Kakerlake|krabbeln|Krabbeltier|KÃ¼chenschabe|La Cucaracha|Schabe|Tier
ğŸª´	Topfpflanze	Dekor|GrÃ¼npflanze|Haus|Pflanze|pflegen|Topfpflanze|wachsen|Zimmerpflanze
ğŸªµ	Holz	Baumstamm|Feuerholz|Holz|holzig|Holzscheite|Lagerfeuer
ğŸª¶	Feder	Feder|federleicht|Federn|fliegen|Gefieder|leicht|Vogelfeder
ğŸª·	LotusblÃ¼te	Blume|Buddhismus|Erleuchtung|Gleichmut|Hinduismus|Liebe|Lotosblume|LotusblÃ¼te|Pflanze|Reinheit|Ruhe|SchÃ¶nheit
ğŸª¸	Koralle	Great Barrier Reef|Klimawandel|Koralle|Korallenriff|Meer|Ozean|Riff|Tier
ğŸª¹	leeres Nest	Heim|leeres Nest|Nest|Nestbau|nisten|Vogelnest|Zuhause
ğŸªº	Nest mit Eiern	Heim|Nest|Nest mit blauen Eiern|Nest mit Eiern|Nestbau|nisten|Vogelnest|Zuhause
ğŸª»	Hyazinthe	blaue Wiesenlupine|blÃ¼hen|Blume|BlÃ¼te|FrÃ¼hling|Hyazinthe|Lavendel|lila|LÃ¶wenmaul|Lupine|Pflanze|violett
ğŸª¼	Qualle	autsch|brennen|Gallert|Glibber|Meer|Meeresbewohner|Meerestier|Nesseltier|Ozean|Qualle|Tentakeln
ğŸª½	FlÃ¼gel	Engel|EngelsflÃ¼gel|Federn|fliegen|Flug|FlÃ¼gel|himmlisch|Mythologie|Vogel
ğŸª¾	kahler Baum	dÃ¼rr|kahl|kahler Baum|karg|trocken|Winter
ğŸª¿	Gans	blÃ¶d|dumm|dumme Gans|Gans|GÃ¤nserich|Ganter|GeflÃ¼gel|schnattern|Tier|Vogel
ğŸ«€	Herz (Organ)	Anatomie|Herz|Herzschlag|KÃ¶rper|KÃ¶rperteil|Mensch|Organ|Puls|schlagen
ğŸ«	Lunge	Atem|atmen|ausatmen|einatmen|KÃ¶rper|KÃ¶rperteil|Lunge|LungenflÃ¼gel|Mensch|Organ
ğŸ«‚	sich umarmende Personen	Abschied|Danke|drÃ¼cken|DrÃ¼cker|Freundschaft|Hallo|Liebe|sich umarmende Personen|TschÃ¼ss|Umarmung
ğŸ«ƒ	schwangerer Mann	aufgeblÃ¤ht|Bauch|dick|Person|schwanger|schwangerer Mann|Ã¼berfressen|zu viel gegessen
ğŸ«„	schwangere Person	aufgeblÃ¤ht|Bauch|dick|dicker Bauch|Person|schwanger|schwangere Person|Schwangerschaft|Ã¼berfressen|zu viel gegessen
ğŸ«…	Person mit Krone	adelig|KÃ¶nig|KÃ¶nigin|kÃ¶niglich|kÃ¶nigliche Hoheit|KrÃ¶nung|Monarch|Monarchin|Person|Person mit Krone|Prinz|Prinzessin
ğŸ«†	Fingerabdruck	Fingerabdruck|Forensik|IdentitÃ¤t|Sicherheit
ğŸ«	Elch	Elch|Geweih|SÃ¤ugetier|Tier
ğŸ«	Esel	austreten|DickschÃ¤del|Dummkopf|Esel|Maultier|SÃ¤ugetier|stÃ¶rrisch|stur|Tier
ğŸ«	Blaubeeren	Beere|blau|Blaubeere|Blaubeeren|Essen|Frucht|Heidelbeere|Heidelbeeren|Lebensmittel|Nahrung|Obst
ğŸ«‘	Paprika	Essen|GemÃ¼se|GemÃ¼sepaprika|grÃ¼n|Lebensmittel|Nahrung|Paprika|Peperoni
ğŸ«’	Olive	Essen|grÃ¼n|Lebensmittel|Nahrung|Olive|OlivenÃ¶l|Olivenzweig|Zweig
ğŸ«“	Fladenbrot	Arepa|Brot|Essen|Fladenbrot|Lavasch|Lebensmittel|Naan|Nahrung|Pita
ğŸ«”	Tamale	Burrito|eingewickelt|Essen|Lebensmittel|mexikanisch|Streetfood|Tamale|Wrap
ğŸ«•	Fondue	Essen|Fondue|geschmolzen|KÃ¤se|Schokolade|schweizerisch|Topf
ğŸ«–	Teekanne	GetrÃ¤nk|Kanne|Lebensmittel|Tee|Tee brÃ¼hen|Teekanne|Teekrug|trinken
ğŸ«—	FlÃ¼ssigkeit ausgieÃŸen	ausgieÃŸen|ausleeren|FlÃ¼ssigkeit ausgieÃŸen|GetrÃ¤nk|gieÃŸen|Glas|leer|Missgeschick|tropfende FlÃ¼ssigkeit|verschÃ¼tten
ğŸ«˜	Bohnen	Bohne|Bohnen|Essen|GemÃ¼se|HÃ¼lsenfrucht|Kidney-Bohne|Kidneybohne|Lebensmittel
ğŸ«™	Einmachglas	Einmachglas|Einweckglas|Essen|GewÃ¼rzglas|leer|leerer BehÃ¤lter|leeres Einweckglas|leeres Glas|Marmeladeglas|Schraubglas
ğŸ«š	Ingwer	gesund|GewÃ¼rz|Ginger Ale|Ingwer|Ingwerbier|scharf|Wurzel|wÃ¼rzig
ğŸ«›	Erbsenschote	Bohne|Edamame|Erbse|Erbsen|Erbsenschote|Essen|GemÃ¼se|HÃ¼lsenfrucht|HÃ¼lsenfrÃ¼chte|Schote
ğŸ«œ	WurzelgemÃ¼se	Bete|Garten|GemÃ¼se|Rote Bete|RÃ¼be|Wurzel
ğŸ«Ÿ	Spritzer	Farbe|Fleck|Holi|Klecks|Spritzer|Tinte
ğŸ« 	schmelzendes Gesicht	auflÃ¶sen|beschÃ¤mt|flÃ¼ssig|Gesicht|Hitze|Sarkasmus|sarkastisch|schmelzen|schwitzen|Smiley|verschwinden
ğŸ«¡	salutierendes Gesicht	Aye|Gesicht|jawohl|jawoll|MilitÃ¤r|ok|Respekt|salutieren|Smiley|zu Befehl
ğŸ«¢	Gesicht mit offenen Augen und Hand Ã¼ber dem Mund	Augen|Erschrecken|Erstaunen|Furcht|geschockt|Gesicht|Hand|Mund|offen|OMG|Schock|Smiley|Ãœberraschung|Unglauben|Verlegenheit
ğŸ«£	Gesicht mit durch die Finger linsendem Auge	Auge|Finger|gebannt|Gesicht|hervorlugen|linsen|schÃ¼chtern|Smiley|spÃ¤hen|starren|verlegen
ğŸ«¤	Gesicht mit schrÃ¤gem Mund	enttÃ¤uscht|genervt|Gesicht|hmpf|keine Ahnung|langweilig|skeptisch|Smiley|unsicher|zweifelnd
ğŸ«¥	gestricheltes Gesicht	depressiv|deprimiert|egal|Gesicht|gestrichelt|introvertiert|Smiley|traurig|unsichtbar|verschwinden|verstecken
ğŸ«¦	auf Lippe beiÃŸen	Angst|Ã¤ngstlich|beiÃŸen|besorgt|flirten|flirtend|Kuss|Lippenstift|Mund|nervÃ¶s|sexy|unbehaglich|ZÃ¤hne
ğŸ«§	Blasen	Blasen|Perlen|reinigen|Schaum|schweben|Seife|Seifenblasen|unter Wasser|Wasserblasen
ğŸ«¨	zitterndes Doppelgesicht	Doppelgesicht|Erdbeben|Gesicht|OMG|Panik|Schock|Smiley|Ã¼berrascht|verrÃ¼ckt|vibrieren|wow|zittern
ğŸ«©	Gesicht mit Augenringen	Augenringe|erschÃ¶pft|Gesicht|mÃ¼de|schlÃ¤frig|Smiley|Ã¼bermÃ¼det
ğŸ«°	Hand mit gekreuztem Zeigefinger und Daumen	Daumen|Finger|Fingerherz|gekreuzt|Geld|Hand|Handgeste|Kosten|teuer|Zeigefinger
ğŸ«±	nach rechts weisende Hand	ausgestreckt|ausstrecken|Hand|HÃ¤nde|HÃ¤ndeschÃ¼tteln|rechts|reichen|schÃ¼tteln|weisen
ğŸ«²	nach links weisende Hand	ausgestreckt|ausstrecken|Hand|HÃ¤nde|HÃ¤ndeschÃ¼tteln|links|reichen|schÃ¼tteln|weisen
ğŸ«³	Hand mit HandflÃ¤che nach unten	abweisen|fallen lassen|fallenlassen|Hand|HandflÃ¤che|Handgeste|hau ab|unten|verscheuchen|wegscheuchen|wegschicken
ğŸ«´	Hand mit HandflÃ¤che nach oben	anbieten|Angebot|darbieten|einladen|entgegenstrecken|Hand|HandflÃ¤che|Handgeste|kommen|locken|oben|reichen
ğŸ«µ	auf Betrachter zeigender Zeigefinger	deuten|du|Finger|Fingerzeig|Hand|Handgeste|Sie|stupsen|Zeigefinger|zeigen
ğŸ«¶	HÃ¤nde, die Herz bilden	<3|Finger|Geste|HÃ¤nde|HÃ¤ndeherz|Handgeste|Handherz|hdl|Herz|Liebe
ğŸ«·	nach links schiebende Hand	drÃ¼cken|Halt|Hand|High 5|High five|links|Moment|nein|schieben|Schluss|Stopp|warte mal|warten
ğŸ«¸	nach rechts schiebende Hand	drÃ¼cken|Halt|Hand|High 5|High five|Moment|nein|rechts|schieben|Schluss|Stopp|warte mal|warten
