âŒš	watch	clock|time|watch
âŒ›	hourglass done	done|hourglass|sand|time|timer
â©	fast-forward button	arrow|button|double|fast|fast-forward|forward
âª	fast reverse button	arrow|button|double|fast|reverse|rewind
â«	fast up button	arrow|button|double|fast|up
â¬	fast down button	arrow|button|double|down|fast
â°	alarm clock	alarm|clock|hours|hrs|late|time|waiting
â³	hourglass not done	done|flowing|hourglass|hours|not|sand|timer|waiting|yolo
â—½	white medium-small square	geometric|medium-small|square|white
â—¾	black medium-small square	black|geometric|medium-small|square
â˜”	umbrella with rain drops	clothing|drop|drops|rain|umbrella|weather
â˜•	hot beverage	beverage|cafe|caffeine|chai|coffee|drink|hot|morning|steaming|tea
â™ˆ	Aries	Aries|horoscope|ram|zodiac
â™‰	Taurus	bull|horoscope|ox|Taurus|zodiac
â™Š	Gemini	Gemini|horoscope|twins|zodiac
â™‹	Cancer	Cancer|crab|horoscope|zodiac
â™Œ	Leo	horoscope|Leo|lion|zodiac
â™	Virgo	horoscope|Virgo|zodiac
â™	Libra	balance|horoscope|justice|Libra|scales|zodiac
â™	Scorpio	horoscope|Scorpio|scorpion|Scorpius|zodiac
â™	Sagittarius	archer|horoscope|Sagittarius|zodiac
â™‘	Capricorn	Capricorn|goat|horoscope|zodiac
â™’	Aquarius	Aquarius|bearer|horoscope|water|zodiac
â™“	Pisces	fish|horoscope|Pisces|zodiac
â™¿	wheelchair symbol	access|handicap|symbol|wheelchair
âš“	anchor	anchor|ship|tool
âš¡	high voltage	danger|electric|electricity|high|lightning|nature|thunder|thunderbolt|voltage|zap
âšª	white circle	circle|geometric|white
âš«	black circle	black|circle|geometric
âš½	soccer ball	ball|football|futbol|soccer|sport
âš¾	baseball	ball|baseball|sport
â›„	snowman without snow	cold|man|snow|snowman
â›…	sun behind cloud	behind|cloud|cloudy|sun|weather
â›	Ophiuchus	bearer|Ophiuchus|serpent|snake|zodiac
â›”	no entry	do|entry|fail|forbidden|no|not|pass|prohibited|traffic
â›ª	church	bless|chapel|Christian|church|cross|religion
â›²	fountain	fountain
â›³	flag in hole	flag|golf|hole|sport
â›µ	sailboat	boat|resort|sailboat|sailing|sea|yacht
â›º	tent	camping|tent
â›½	fuel pump	diesel|fuel|fuelpump|gas|gasoline|pump|station
âœ…	check mark button	âœ“|button|check|checked|checkmark|complete|completed|done|fixed|mark|tick
âœŠ	raised fist	clenched|fist|hand|punch|raised|solidarity
âœ‹	raised hand	5|five|hand|high|raised|stop
âœ¨	sparkles	*|magic|sparkle|sparkles|star
âŒ	cross mark	Ã—|cancel|cross|mark|multiplication|multiply|x
â	cross mark button	Ã—|button|cross|mark|multiplication|multiply|square|x
â“	red question mark	?|mark|punctuation|question|red
â”	white question mark	?|mark|outlined|punctuation|question|white
â•	white exclamation mark	!|exclamation|mark|outlined|punctuation|white
â—	red exclamation mark	!|exclamation|mark|punctuation|red
â•	plus	+|plus
â–	minus	-|âˆ’|heavy|math|minus|sign
â—	divide	Ã·|divide|division|heavy|math|sign
â°	curly loop	curl|curly|loop
â¿	double curly loop	curl|curly|double|loop
â¬›	black large square	black|geometric|large|square
â¬œ	white large square	geometric|large|square|white
â­	star	astronomy|medium|star|stars|white
â­•	hollow red circle	circle|heavy|hollow|large|o|red
ğŸ€„	mahjong red dragon	dragon|game|mahjong|red
ğŸƒ	joker	card|game|joker|wildcard
ğŸ†	AB button (blood type)	AB|blood|button|type
ğŸ†‘	CL button	button|CL
ğŸ†’	COOL button	button|COOL
ğŸ†“	FREE button	button|FREE
ğŸ†”	ID button	button|ID|identity
ğŸ†•	NEW button	button|NEW
ğŸ†–	NG button	button|NG
ğŸ†—	OK button	button|OK|okay
ğŸ†˜	SOS button	button|help|SOS
ğŸ†™	UP! button	button|mark|UP|UP!
ğŸ†š	VS button	button|versus|VS
ğŸˆ	Japanese â€œhereâ€ button	button|here|Japanese|katakana
ğŸˆš	Japanese â€œfree of chargeâ€ button	button|charge|free|ideograph|Japanese
ğŸˆ¯	Japanese â€œreservedâ€ button	button|ideograph|Japanese|reserved
ğŸˆ²	Japanese â€œprohibitedâ€ button	button|ideograph|Japanese|prohibited
ğŸˆ³	Japanese â€œvacancyâ€ button	button|ideograph|Japanese|vacancy
ğŸˆ´	Japanese â€œpassing gradeâ€ button	button|grade|ideograph|Japanese|passing
ğŸˆµ	Japanese â€œno vacancyâ€ button	button|ideograph|Japanese|no|vacancy
ğŸˆ¶	Japanese â€œnot free of chargeâ€ button	button|charge|free|ideograph|Japanese|not
ğŸˆ¸	Japanese â€œapplicationâ€ button	application|button|ideograph|Japanese
ğŸˆ¹	Japanese â€œdiscountâ€ button	button|discount|ideograph|Japanese
ğŸˆº	Japanese â€œopen for businessâ€ button	business|button|ideograph|Japanese|open
ğŸ‰	Japanese â€œbargainâ€ button	bargain|button|ideograph|Japanese
ğŸ‰‘	Japanese â€œacceptableâ€ button	acceptable|button|ideograph|Japanese
ğŸŒ€	cyclone	cyclone|dizzy|hurricane|twister|typhoon|weather
ğŸŒ	foggy	fog|foggy
ğŸŒ‚	closed umbrella	closed|clothing|rain|umbrella
ğŸŒƒ	night with stars	night|star|stars
ğŸŒ„	sunrise over mountains	morning|mountains|over|sun|sunrise
ğŸŒ…	sunrise	morning|nature|sun|sunrise
ğŸŒ†	cityscape at dusk	at|building|city|cityscape|dusk|evening|landscape|sun|sunset
ğŸŒ‡	sunset	building|dusk|sun|sunset
ğŸŒˆ	rainbow	gay|genderqueer|glbt|glbtq|lesbian|lgbt|lgbtq|lgbtqia|nature|pride|queer|rain|rainbow|trans|transgender|weather
ğŸŒ‰	bridge at night	at|bridge|night
ğŸŒŠ	water wave	nature|ocean|surf|surfer|surfing|water|wave
ğŸŒ‹	volcano	eruption|mountain|nature|volcano
ğŸŒŒ	milky way	milky|space|way
ğŸŒ	globe showing Europe-Africa	Africa|earth|Europe|Europe-Africa|globe|showing|world
ğŸŒ	globe showing Americas	Americas|earth|globe|showing|world
ğŸŒ	globe showing Asia-Australia	Asia|Asia-Australia|Australia|earth|globe|showing|world
ğŸŒ	globe with meridians	earth|globe|internet|meridians|web|world|worldwide
ğŸŒ‘	new moon	dark|moon|new|space
ğŸŒ’	waxing crescent moon	crescent|dreams|moon|space|waxing
ğŸŒ“	first quarter moon	first|moon|quarter|space
ğŸŒ”	waxing gibbous moon	gibbous|moon|space|waxing
ğŸŒ•	full moon	full|moon|space
ğŸŒ–	waning gibbous moon	gibbous|moon|space|waning
ğŸŒ—	last quarter moon	last|moon|quarter|space
ğŸŒ˜	waning crescent moon	crescent|moon|space|waning
ğŸŒ™	crescent moon	crescent|moon|ramadan|space
ğŸŒš	new moon face	face|moon|new|space
ğŸŒ›	first quarter moon face	face|first|moon|quarter|space
ğŸŒœ	last quarter moon face	dreams|face|last|moon|quarter
ğŸŒ	full moon face	bright|face|full|moon
ğŸŒ	sun with face	beach|bright|day|face|heat|shine|sun|sunny|sunshine|weather
ğŸŒŸ	glowing star	glittery|glow|glowing|night|shining|sparkle|star|win
ğŸŒ 	shooting star	falling|night|shooting|space|star
ğŸŒ­	hot dog	dog|frankfurter|hot|hotdog|sausage
ğŸŒ®	taco	mexican|taco
ğŸŒ¯	burrito	burrito|mexican|wrap
ğŸŒ°	chestnut	almond|chestnut|plant
ğŸŒ±	seedling	plant|sapling|seedling|sprout|young
ğŸŒ²	evergreen tree	christmas|evergreen|forest|pine|tree
ğŸŒ³	deciduous tree	deciduous|forest|green|habitat|shedding|tree
ğŸŒ´	palm tree	beach|palm|plant|tree|tropical
ğŸŒµ	cactus	cactus|desert|drought|nature|plant
ğŸŒ·	tulip	blossom|flower|growth|plant|tulip
ğŸŒ¸	cherry blossom	blossom|cherry|flower|plant|spring|springtime
ğŸŒ¹	rose	beauty|elegant|flower|love|plant|red|rose|valentine
ğŸŒº	hibiscus	flower|hibiscus|plant
ğŸŒ»	sunflower	flower|outdoors|plant|sun|sunflower
ğŸŒ¼	blossom	blossom|buttercup|dandelion|flower|plant
ğŸŒ½	ear of corn	corn|crops|ear|farm|maize|maze
ğŸŒ¾	sheaf of rice	ear|grain|grains|plant|rice|sheaf
ğŸŒ¿	herb	herb|leaf|plant
ğŸ€	four leaf clover	4|clover|four|four-leaf|irish|leaf|lucky|plant
ğŸ	maple leaf	falling|leaf|maple
ğŸ‚	fallen leaf	autumn|fall|fallen|falling|leaf
ğŸƒ	leaf fluttering in wind	blow|flutter|fluttering|leaf|wind
ğŸ„	mushroom	fungus|mushroom|toadstool
ğŸ„â€ğŸŸ«	brown mushroom	food|fungi|fungus|mushroom|nature|pizza|portobello|shiitake|shroom|spore|sprout|toppings|truffle|vegetable|vegetarian|veggie
ğŸ…	tomato	food|fruit|tomato|vegetable
ğŸ†	eggplant	aubergine|eggplant|vegetable
ğŸ‡	grapes	Dionysus|fruit|grape|grapes
ğŸˆ	melon	cantaloupe|fruit|melon
ğŸ‰	watermelon	fruit|watermelon
ğŸŠ	tangerine	c|citrus|fruit|nectarine|orange|tangerine|vitamin
ğŸ‹	lemon	citrus|fruit|lemon|sour
ğŸ‹â€ğŸŸ©	lime	acidity|citrus|cocktail|fruit|garnish|key|lime|margarita|mojito|refreshing|salsa|sour|tangy|tequila|tropical|zest
ğŸŒ	banana	banana|fruit|potassium
ğŸ	pineapple	colada|fruit|pina|pineapple|tropical
ğŸ	red apple	apple|diet|food|fruit|health|red|ripe
ğŸ	green apple	apple|fruit|green
ğŸ	pear	fruit|pear
ğŸ‘	peach	fruit|peach
ğŸ’	cherries	berries|cherries|cherry|fruit|red
ğŸ“	strawberry	berry|fruit|strawberry
ğŸ”	hamburger	burger|eat|fast|food|hamburger|hungry
ğŸ•	pizza	cheese|food|hungry|pepperoni|pizza|slice
ğŸ–	meat on bone	bone|meat
ğŸ—	poultry leg	bone|chicken|drumstick|hungry|leg|poultry|turkey
ğŸ˜	rice cracker	cracker|food|rice
ğŸ™	rice ball	ball|food|Japanese|rice
ğŸš	cooked rice	cooked|food|rice
ğŸ›	curry rice	curry|food|rice
ğŸœ	steaming bowl	bowl|chopsticks|food|noodle|pho|ramen|soup|steaming
ğŸ	spaghetti	food|meatballs|pasta|restaurant|spaghetti
ğŸ	bread	bread|carbs|food|grain|loaf|restaurant|toast|wheat
ğŸŸ	french fries	fast|food|french|fries
ğŸ 	roasted sweet potato	food|potato|roasted|sweet
ğŸ¡	dango	dango|dessert|Japanese|skewer|stick|sweet
ğŸ¢	oden	food|kebab|oden|restaurant|seafood|skewer|stick
ğŸ£	sushi	food|sushi
ğŸ¤	fried shrimp	fried|prawn|shrimp|tempura
ğŸ¥	fish cake with swirl	cake|fish|food|pastry|restaurant|swirl
ğŸ¦	soft ice cream	cream|dessert|food|ice|icecream|restaurant|serve|soft|sweet
ğŸ§	shaved ice	dessert|ice|restaurant|shaved|sweet
ğŸ¨	ice cream	cream|dessert|food|ice|restaurant|sweet
ğŸ©	doughnut	breakfast|dessert|donut|doughnut|food|sweet
ğŸª	cookie	chip|chocolate|cookie|dessert|sweet
ğŸ«	chocolate bar	bar|candy|chocolate|dessert|halloween|sweet|tooth
ğŸ¬	candy	candy|cavities|dessert|halloween|restaurant|sweet|tooth|wrapper
ğŸ­	lollipop	candy|dessert|food|lollipop|restaurant|sweet
ğŸ®	custard	custard|dessert|pudding|sweet
ğŸ¯	honey pot	barrel|bear|food|honey|honeypot|jar|pot|sweet
ğŸ°	shortcake	cake|dessert|pastry|shortcake|slice|sweet
ğŸ±	bento box	bento|box|food
ğŸ²	pot of food	food|pot|soup|stew
ğŸ³	cooking	breakfast|cooking|easy|egg|fry|frying|over|pan|restaurant|side|sunny|up
ğŸ´	fork and knife	breakfast|breaky|cooking|cutlery|delicious|dinner|eat|feed|food|fork|hungry|knife|lunch|restaurant|yum|yummy
ğŸµ	teacup without handle	beverage|cup|drink|handle|oolong|tea|teacup
ğŸ¶	sake	bar|beverage|bottle|cup|drink|restaurant|sake
ğŸ·	wine glass	alcohol|bar|beverage|booze|club|drink|drinking|drinks|glass|restaurant|wine
ğŸ¸	cocktail glass	alcohol|bar|booze|club|cocktail|drink|drinking|drinks|glass|mad|martini|men
ğŸ¹	tropical drink	alcohol|bar|booze|club|cocktail|drink|drinking|drinks|drunk|mai|party|tai|tropical|tropics
ğŸº	beer mug	alcohol|ale|bar|beer|booze|drink|drinking|drinks|mug|octoberfest|oktoberfest|pint|stein|summer
ğŸ»	clinking beer mugs	alcohol|bar|beer|booze|bottoms|cheers|clink|clinking|drinking|drinks|mugs
ğŸ¼	baby bottle	babies|baby|birth|born|bottle|drink|infant|milk|newborn
ğŸ¾	bottle with popping cork	bar|bottle|cork|drink|popping
ğŸ¿	popcorn	corn|movie|pop|popcorn
ğŸ€	ribbon	celebration|ribbon
ğŸ	wrapped gift	birthday|bow|box|celebration|christmas|gift|present|surprise|wrapped
ğŸ‚	birthday cake	bday|birthday|cake|celebration|dessert|happy|pastry|sweet
ğŸƒ	jack-o-lantern	celebration|halloween|jack|jack-o-lantern|lantern|pumpkin
ğŸ„	Christmas tree	celebration|Christmas|tree
ğŸ…	Santa Claus	celebration|Christmas|claus|fairy|fantasy|father|holiday|merry|santa|tale|xmas
ğŸ†	fireworks	boom|celebration|entertainment|fireworks|yolo
ğŸ‡	sparkler	boom|celebration|fireworks|sparkle|sparkler
ğŸˆ	balloon	balloon|birthday|celebrate|celebration
ğŸ‰	party popper	awesome|birthday|celebrate|celebration|excited|hooray|party|popper|tada|woohoo
ğŸŠ	confetti ball	ball|celebrate|celebration|confetti|party|woohoo
ğŸ‹	tanabata tree	banner|celebration|Japanese|tanabata|tree
ğŸŒ	crossed flags	celebration|cross|crossed|flags|Japanese
ğŸ	pine decoration	bamboo|celebration|decoration|Japanese|pine|plant
ğŸ	Japanese dolls	celebration|doll|dolls|festival|Japanese
ğŸ	carp streamer	carp|celebration|streamer
ğŸ	wind chime	bell|celebration|chime|wind
ğŸ‘	moon viewing ceremony	celebration|ceremony|moon|viewing
ğŸ’	backpack	backpack|backpacking|bag|bookbag|education|rucksack|satchel|school
ğŸ“	graduation cap	cap|celebration|clothing|education|graduation|hat|scholar
ğŸ 	carousel horse	carousel|entertainment|horse
ğŸ¡	ferris wheel	amusement|ferris|park|theme|wheel
ğŸ¢	roller coaster	amusement|coaster|park|roller|theme
ğŸ£	fishing pole	entertainment|fish|fishing|pole|sport
ğŸ¤	microphone	karaoke|mic|microphone|music|sing|sound
ğŸ¥	movie camera	bollywood|camera|cinema|film|hollywood|movie|record
ğŸ¦	cinema	camera|cinema|film|movie
ğŸ§	headphone	earbud|headphone|sound
ğŸ¨	artist palette	art|artist|artsy|arty|colorful|creative|entertainment|museum|painter|painting|palette
ğŸ©	top hat	clothes|clothing|fancy|formal|hat|magic|top|tophat
ğŸª	circus tent	circus|tent
ğŸ«	ticket	admission|stub|ticket
ğŸ¬	clapper board	action|board|clapper|movie
ğŸ­	performing arts	actor|actress|art|arts|entertainment|mask|performing|theater|theatre|thespian
ğŸ®	video game	controller|entertainment|game|video
ğŸ¯	bullseye	bull|bullseye|dart|direct|entertainment|game|hit|target
ğŸ°	slot machine	casino|gamble|gambling|game|machine|slot|slots
ğŸ±	pool 8 ball	8|8ball|ball|billiard|eight|game|pool
ğŸ²	game die	dice|die|entertainment|game
ğŸ³	bowling	ball|bowling|game|sport|strike
ğŸ´	flower playing cards	card|cards|flower|game|Japanese|playing
ğŸµ	musical note	music|musical|note|sound
ğŸ¶	musical notes	music|musical|note|notes|sound
ğŸ·	saxophone	instrument|music|sax|saxophone
ğŸ¸	guitar	guitar|instrument|music|strat
ğŸ¹	musical keyboard	instrument|keyboard|music|musical|piano
ğŸº	trumpet	instrument|music|trumpet
ğŸ»	violin	instrument|music|violin
ğŸ¼	musical score	music|musical|note|score
ğŸ½	running shirt	athletics|running|sash|shirt
ğŸ¾	tennis	ball|racquet|sport|tennis
ğŸ¿	skis	ski|skis|snow|sport
ğŸ€	basketball	ball|basketball|hoop|sport
ğŸ	chequered flag	checkered|chequered|finish|flag|flags|game|race|racing|sport|win
ğŸ‚	snowboarder	ski|snow|snowboard|snowboarder|sport
ğŸƒ	person running	fast|hurry|marathon|move|person|quick|race|racing|run|rush|speed
ğŸ„	person surfing	beach|ocean|person|sport|surf|surfer|surfing|swell|waves
ğŸ…	sports medal	award|gold|medal|sports|winner
ğŸ†	trophy	champion|champs|prize|slay|sport|trophy|victory|win|winning
ğŸ‡	horse racing	horse|jockey|racehorse|racing|riding|sport
ğŸˆ	american football	american|ball|bowl|football|sport|super
ğŸ‰	rugby football	ball|football|rugby|sport
ğŸŠ	person swimming	freestyle|person|sport|swim|swimmer|swimming|triathlon
ğŸ	cricket game	ball|bat|cricket|game
ğŸ	volleyball	ball|game|volleyball
ğŸ‘	field hockey	ball|field|game|hockey|stick
ğŸ’	ice hockey	game|hockey|ice|puck|stick
ğŸ“	ping pong	ball|bat|game|paddle|ping|pingpong|pong|table|tennis
ğŸ 	house	building|country|heart|home|house|ranch|settle|simple|suburban|suburbia|where
ğŸ¡	house with garden	building|country|garden|heart|home|house|ranch|settle|simple|suburban|suburbia|where
ğŸ¢	office building	building|city|cubical|job|office
ğŸ£	Japanese post office	building|Japanese|office|post
ğŸ¤	post office	building|European|office|post
ğŸ¥	hospital	building|doctor|hospital|medicine
ğŸ¦	bank	bank|building
ğŸ§	ATM sign	ATM|automated|bank|cash|money|sign|teller
ğŸ¨	hotel	building|hotel
ğŸ©	love hotel	building|hotel|love
ğŸª	convenience store	24|building|convenience|hours|store
ğŸ«	school	building|school
ğŸ¬	department store	building|department|store
ğŸ­	factory	building|factory
ğŸ®	red paper lantern	bar|lantern|light|paper|red|restaurant
ğŸ¯	Japanese castle	building|castle|Japanese
ğŸ°	castle	building|castle|European
ğŸ´	black flag	black|flag|waving
ğŸ¸	badminton	badminton|birdie|game|racquet|shuttlecock
ğŸ¹	bow and arrow	archer|archery|arrow|bow|Sagittarius|tool|weapon|zodiac
ğŸº	amphora	amphora|Aquarius|cooking|drink|jug|tool|weapon|zodiac
ğŸ€	rat	animal|rat
ğŸ	mouse	animal|animals|mouse
ğŸ‚	ox	animal|animals|bull|farm|ox|Taurus|zodiac
ğŸƒ	water buffalo	animal|buffalo|water|zoo
ğŸ„	cow	animal|animals|cow|farm|milk|moo
ğŸ…	tiger	animal|big|cat|predator|tiger|zoo
ğŸ†	leopard	animal|big|cat|leopard|predator|zoo
ğŸ‡	rabbit	animal|bunny|pet|rabbit
ğŸˆ	cat	animal|animals|cat|cats|kitten|pet
ğŸˆâ€â¬›	black cat	animal|black|cat|feline|halloween|meow|unlucky
ğŸ‰	dragon	animal|dragon|fairy|fairytale|knights|tale
ğŸŠ	crocodile	animal|crocodile|zoo
ğŸ‹	whale	animal|beach|ocean|whale
ğŸŒ	snail	animal|escargot|garden|nature|slug|snail
ğŸ	snake	animal|bearer|Ophiuchus|serpent|snake|zodiac
ğŸ	horse	animal|equestrian|farm|horse|racehorse|racing
ğŸ	ram	animal|Aries|horns|male|ram|sheep|zodiac|zoo
ğŸ	goat	animal|Capricorn|farm|goat|milk|zodiac
ğŸ‘	ewe	animal|baa|ewe|farm|female|fluffy|lamb|sheep|wool
ğŸ’	monkey	animal|banana|monkey
ğŸ“	rooster	animal|bird|ornithology|rooster
ğŸ”	chicken	animal|bird|chicken|ornithology
ğŸ•	dog	animal|animals|dog|dogs|pet
ğŸ•â€ğŸ¦º	service dog	accessibility|animal|assistance|dog|service
ğŸ–	pig	animal|bacon|farm|pig|pork|sow
ğŸ—	boar	animal|boar|pig
ğŸ˜	elephant	animal|elephant
ğŸ™	octopus	animal|creature|ocean|octopus
ğŸš	spiral shell	animal|beach|conch|sea|shell|spiral
ğŸ›	bug	animal|bug|garden|insect
ğŸœ	ant	animal|ant|garden|insect
ğŸ	honeybee	animal|bee|bumblebee|honey|honeybee|insect|nature|spring
ğŸ	lady beetle	animal|beetle|garden|insect|lady|ladybird|ladybug|nature
ğŸŸ	fish	animal|dinner|fish|fishes|fishing|Pisces|zodiac
ğŸ 	tropical fish	animal|fish|fishes|tropical
ğŸ¡	blowfish	animal|blowfish|fish
ğŸ¢	turtle	animal|terrapin|tortoise|turtle
ğŸ£	hatching chick	animal|baby|bird|chick|egg|hatching
ğŸ¤	baby chick	animal|baby|bird|chick|ornithology
ğŸ¥	front-facing baby chick	animal|baby|bird|chick|front-facing|newborn|ornithology
ğŸ¦	bird	animal|bird|ornithology
ğŸ¦â€â¬›	black bird	animal|beak|bird|black|caw|corvid|crow|ornithology|raven|rook
ğŸ¦â€ğŸ”¥	phoenix	ascend|ascension|emerge|fantasy|firebird|glory|immortal|phoenix|rebirth|reincarnation|reinvent|renewal|revival|revive|rise|transform
ğŸ§	penguin	animal|antarctica|bird|ornithology|penguin
ğŸ¨	koala	animal|australia|bear|down|face|koala|marsupial|under
ğŸ©	poodle	animal|dog|fluffy|poodle
ğŸª	camel	animal|camel|desert|dromedary|hump|one
ğŸ«	two-hump camel	animal|bactrian|camel|desert|hump|two|two-hump
ğŸ¬	dolphin	animal|beach|dolphin|flipper|ocean
ğŸ­	mouse face	animal|face|mouse
ğŸ®	cow face	animal|cow|face|farm|milk|moo
ğŸ¯	tiger face	animal|big|cat|face|predator|tiger
ğŸ°	rabbit face	animal|bunny|face|pet|rabbit
ğŸ±	cat face	animal|cat|face|kitten|kitty|pet
ğŸ²	dragon face	animal|dragon|face|fairy|fairytale|tale
ğŸ³	spouting whale	animal|beach|face|ocean|spouting|whale
ğŸ´	horse face	animal|dressage|equine|face|farm|horse|horses
ğŸµ	monkey face	animal|banana|face|monkey
ğŸ¶	dog face	adorbs|animal|dog|face|pet|puppies|puppy
ğŸ·	pig face	animal|bacon|face|farm|pig|pork
ğŸ¸	frog	animal|face|frog
ğŸ¹	hamster	animal|face|hamster|pet
ğŸº	wolf	animal|face|wolf
ğŸ»	bear	animal|bear|face|grizzly|growl|honey
ğŸ¼	panda	animal|bamboo|face|panda
ğŸ½	pig nose	animal|face|farm|nose|pig|smell|snout
ğŸ¾	paw prints	feet|paw|paws|print|prints
ğŸ‘€	eyes	body|eye|eyes|face|googly|look|looking|omg|peep|see|seeing
ğŸ‘‚	ear	body|ear|ears|hear|hearing|listen|listening|sound
ğŸ‘ƒ	nose	body|nose|noses|nosey|odor|smell|smells
ğŸ‘„	mouth	beauty|body|kiss|kissing|lips|lipstick|mouth
ğŸ‘…	tongue	body|lick|slurp|tongue
ğŸ‘†	backhand index pointing up	backhand|finger|hand|index|point|pointing|up
ğŸ‘‡	backhand index pointing down	backhand|down|finger|hand|index|point|pointing
ğŸ‘ˆ	backhand index pointing left	backhand|finger|hand|index|left|point|pointing
ğŸ‘‰	backhand index pointing right	backhand|finger|hand|index|point|pointing|right
ğŸ‘Š	oncoming fist	absolutely|agree|boom|bro|bruh|bump|clenched|correct|fist|hand|knuckle|oncoming|pound|punch|rock|ttyl
ğŸ‘‹	waving hand	bye|cya|g2g|greetings|gtg|hand|hello|hey|hi|later|outtie|ttfn|ttyl|wave|yo|you
ğŸ‘Œ	OK hand	awesome|bet|dope|fleek|fosho|got|gotcha|hand|legit|OK|okay|pinch|rad|sure|sweet|three
ğŸ‘	thumbs up	+1|good|hand|like|thumb|up|yes
ğŸ‘	thumbs down	-1|bad|dislike|down|good|hand|no|nope|thumb|thumbs
ğŸ‘	clapping hands	applause|approval|awesome|clap|congrats|congratulations|excited|good|great|hand|homie|job|nice|prayed|well|yay
ğŸ‘	open hands	hand|hands|hug|jazz|open|swerve
ğŸ‘‘	crown	clothing|crown|family|king|medieval|queen|royal|royalty|win
ğŸ‘’	womanâ€™s hat	clothes|clothing|garden|hat|hats|party|woman|womanâ€™s
ğŸ‘“	glasses	clothing|eye|eyeglasses|eyewear|glasses
ğŸ‘”	necktie	clothing|employed|necktie|serious|shirt|tie
ğŸ‘•	t-shirt	blue|casual|clothes|clothing|collar|dressed|shirt|shopping|t-shirt|tshirt|weekend
ğŸ‘–	jeans	blue|casual|clothes|clothing|denim|dressed|jeans|pants|shopping|trousers|weekend
ğŸ‘—	dress	clothes|clothing|dress|dressed|fancy|shopping
ğŸ‘˜	kimono	clothing|comfortable|kimono
ğŸ‘™	bikini	bathing|beach|bikini|clothing|pool|suit|swim
ğŸ‘š	womanâ€™s clothes	blouse|clothes|clothing|collar|dress|dressed|lady|shirt|shopping|woman|womanâ€™s
ğŸ‘›	purse	clothes|clothing|coin|dress|fancy|handbag|purse|shopping
ğŸ‘œ	handbag	bag|clothes|clothing|dress|handbag|lady|purse|shopping
ğŸ‘	clutch bag	bag|clothes|clothing|clutch|dress|handbag|pouch|purse
ğŸ‘	manâ€™s shoe	brown|clothes|clothing|feet|foot|kick|man|manâ€™s|shoe|shoes|shopping
ğŸ‘Ÿ	running shoe	athletic|clothes|clothing|fast|kick|running|shoe|shoes|shopping|sneaker|tennis
ğŸ‘ 	high-heeled shoe	clothes|clothing|dress|fashion|heel|heels|high-heeled|shoe|shoes|shopping|stiletto|woman
ğŸ‘¡	womanâ€™s sandal	clothing|sandal|shoe|woman|womanâ€™s
ğŸ‘¢	womanâ€™s boot	boot|clothes|clothing|dress|shoe|shoes|shopping|woman|womanâ€™s
ğŸ‘£	footprints	barefoot|clothing|footprint|footprints|omw|print|walk
ğŸ‘¤	bust in silhouette	bust|mysterious|shadow|silhouette
ğŸ‘¥	busts in silhouette	bff|bust|busts|everyone|friend|friends|people|silhouette
ğŸ‘¦	boy	boy|bright-eyed|child|grandson|kid|son|young|younger
ğŸ‘§	girl	bright-eyed|child|daughter|girl|granddaughter|kid|Virgo|young|younger|zodiac
ğŸ‘¨	man	adult|bro|man
ğŸ‘¨â€ğŸŒ¾	man farmer	farmer|gardener|man|rancher
ğŸ‘¨â€ğŸ³	man cook	chef|cook|man
ğŸ‘¨â€ğŸ¼	man feeding baby	baby|dad|father|feed|feeding|man|nanny|newborn|nursing
ğŸ‘¨â€ğŸ“	man student	graduate|man|student
ğŸ‘¨â€ğŸ¤	man singer	actor|entertainer|man|rock|rockstar|singer|star
ğŸ‘¨â€ğŸ¨	man artist	artist|man|palette
ğŸ‘¨â€ğŸ«	man teacher	instructor|lecturer|man|professor|teacher
ğŸ‘¨â€ğŸ­	man factory worker	assembly|factory|industrial|man|worker
ğŸ‘¨â€ğŸ’»	man technologist	coder|computer|developer|inventor|man|software|technologist
ğŸ‘¨â€ğŸ’¼	man office worker	architect|business|man|manager|office|white-collar|worker
ğŸ‘¨â€ğŸ”§	man mechanic	electrician|man|mechanic|plumber|tradesperson
ğŸ‘¨â€ğŸ”¬	man scientist	biologist|chemist|engineer|man|mathematician|physicist|scientist
ğŸ‘¨â€ğŸš€	man astronaut	astronaut|man|rocket|space
ğŸ‘¨â€ğŸš’	man firefighter	fire|firefighter|firetruck|man
ğŸ‘¨â€ğŸ¦¯	man with white cane	accessibility|blind|cane|man|probing|white
ğŸ‘¨â€ğŸ¦¼	man in motorized wheelchair	accessibility|man|motorized|wheelchair
ğŸ‘¨â€ğŸ¦½	man in manual wheelchair	accessibility|man|manual|wheelchair
ğŸ‘©	woman	adult|lady|woman
ğŸ‘©â€ğŸŒ¾	woman farmer	farmer|gardener|rancher|woman
ğŸ‘©â€ğŸ³	woman cook	chef|cook|woman
ğŸ‘©â€ğŸ¼	woman feeding baby	baby|feed|feeding|mom|mother|nanny|newborn|nursing|woman
ğŸ‘©â€ğŸ“	woman student	graduate|student|woman
ğŸ‘©â€ğŸ¤	woman singer	actor|entertainer|rock|rockstar|singer|star|woman
ğŸ‘©â€ğŸ¨	woman artist	artist|palette|woman
ğŸ‘©â€ğŸ«	woman teacher	instructor|lecturer|professor|teacher|woman
ğŸ‘©â€ğŸ­	woman factory worker	assembly|factory|industrial|woman|worker
ğŸ‘©â€ğŸ’»	woman technologist	coder|computer|developer|inventor|software|technologist|woman
ğŸ‘©â€ğŸ’¼	woman office worker	architect|business|manager|office|white-collar|woman|worker
ğŸ‘©â€ğŸ”§	woman mechanic	electrician|mechanic|plumber|tradesperson|woman
ğŸ‘©â€ğŸ”¬	woman scientist	biologist|chemist|engineer|mathematician|physicist|scientist|woman
ğŸ‘©â€ğŸš€	woman astronaut	astronaut|rocket|space|woman
ğŸ‘©â€ğŸš’	woman firefighter	fire|firefighter|firetruck|woman
ğŸ‘©â€ğŸ¦¯	woman with white cane	accessibility|blind|cane|probing|white|woman
ğŸ‘©â€ğŸ¦¼	woman in motorized wheelchair	accessibility|motorized|wheelchair|woman
ğŸ‘©â€ğŸ¦½	woman in manual wheelchair	accessibility|manual|wheelchair|woman
ğŸ‘ª	family	child|family
ğŸ‘«	woman and man holding hands	bae|bestie|bff|couple|dating|flirt|friends|hand|hold|man|twins|woman
ğŸ‘¬	men holding hands	bae|bestie|bff|boys|brothers|couple|dating|flirt|friends|hand|hold|men|twins
ğŸ‘­	women holding hands	bae|bestie|bff|couple|dating|flirt|friends|girls|hand|hold|sisters|twins|women
ğŸ‘®	police officer	apprehend|arrest|citation|cop|law|officer|over|police|pulled|undercover
ğŸ‘¯	people with bunny ears	bestie|bff|bunny|counterpart|dancer|double|ear|identical|pair|party|partying|people|soulmate|twin|twinsies
ğŸ‘°	person with veil	person|veil|wedding
ğŸ‘±	person: blond hair	blond|blond-haired|human|person
ğŸ‘²	person with skullcap	cap|Chinese|gua|guapi|hat|mao|person|pi|skullcap
ğŸ‘³	person wearing turban	person|turban|wearing
ğŸ‘´	old man	adult|bald|elderly|gramps|grandfather|grandpa|man|old|wise
ğŸ‘µ	old woman	adult|elderly|grandma|grandmother|granny|lady|old|wise|woman
ğŸ‘¶	baby	babies|baby|children|goo|infant|newborn|pregnant|young
ğŸ‘·	construction worker	build|construction|fix|hardhat|hat|man|person|rebuild|remodel|repair|work|worker
ğŸ‘¸	princess	crown|fairy|fairytale|fantasy|princess|queen|royal|royalty|tale
ğŸ‘¹	ogre	creature|devil|face|fairy|fairytale|fantasy|mask|monster|ogre|scary|tale
ğŸ‘º	goblin	angry|creature|face|fairy|fairytale|fantasy|goblin|mask|mean|monster|tale
ğŸ‘»	ghost	boo|creature|excited|face|fairy|fairytale|fantasy|ghost|halloween|haunting|monster|scary|silly|tale
ğŸ‘¼	baby angel	angel|baby|church|face|fairy|fairytale|fantasy|tale
ğŸ‘½	alien	alien|creature|extraterrestrial|face|fairy|fairytale|fantasy|monster|space|tale|ufo
ğŸ‘¾	alien monster	alien|creature|extraterrestrial|face|fairy|fairytale|fantasy|game|gamer|games|monster|pixelated|space|tale|ufo
ğŸ‘¿	angry face with horns	angry|demon|devil|evil|face|fairy|fairytale|fantasy|horns|imp|mischievous|purple|shade|tale
ğŸ’€	skull	body|dead|death|face|fairy|fairytale|iâ€™m|lmao|monster|skull|tale|yolo
ğŸ’	person tipping hand	fetch|flick|flip|gossip|hand|person|sarcasm|sarcastic|sassy|seriously|tipping|whatever
ğŸ’‚	guard	buckingham|guard|helmet|london|palace
ğŸ’ƒ	woman dancing	dance|dancer|dancing|elegant|festive|flair|flamenco|groove|letâ€™s|salsa|tango|woman
ğŸ’„	lipstick	cosmetics|date|lipstick|makeup
ğŸ’…	nail polish	bored|care|cosmetics|done|makeup|manicure|nail|polish|whatever
ğŸ’†	person getting massage	face|getting|headache|massage|person|relax|relaxing|salon|soothe|spa|tension|therapy|treatment
ğŸ’‡	person getting haircut	barber|beauty|chop|cosmetology|cut|groom|hair|haircut|parlor|person|shears|style
ğŸ’ˆ	barber pole	barber|cut|fresh|haircut|pole|shave
ğŸ’‰	syringe	doctor|flu|medicine|needle|shot|sick|syringe|tool|vaccination
ğŸ’Š	pill	doctor|drugs|medicated|medicine|pill|pills|sick|vitamin
ğŸ’‹	kiss mark	dating|emotion|heart|kiss|kissing|lips|mark|romance|sexy
ğŸ’Œ	love letter	heart|letter|love|mail|romance|valentine
ğŸ’	ring	diamond|engaged|engagement|married|ring|romance|shiny|sparkling|wedding
ğŸ’	gem stone	diamond|engagement|gem|jewel|money|romance|stone|wedding
ğŸ’	kiss	anniversary|babe|bae|couple|date|dating|heart|kiss|love|mwah|person|romance|together|xoxo
ğŸ’	bouquet	anniversary|birthday|bouquet|date|flower|love|plant|romance
ğŸ’‘	couple with heart	anniversary|babe|bae|couple|dating|heart|kiss|love|person|relationship|romance|together|you
ğŸ’’	wedding	chapel|hitched|nuptials|romance|wedding
ğŸ’“	beating heart	143|beating|cardio|emotion|heart|heartbeat|ily|love|pulsating|pulse
ğŸ’”	broken heart	break|broken|crushed|emotion|heart|heartbroken|lonely|sad
ğŸ’•	two hearts	143|anniversary|date|dating|emotion|heart|hearts|ily|kisses|love|loving|two|xoxo
ğŸ’–	sparkling heart	143|emotion|excited|good|heart|ily|kisses|morning|night|sparkle|sparkling|xoxo
ğŸ’—	growing heart	143|emotion|excited|growing|heart|heartpulse|ily|kisses|muah|nervous|pulse|xoxo
ğŸ’˜	heart with arrow	143|adorbs|arrow|cupid|date|emotion|heart|ily|love|romance|valentine
ğŸ’™	blue heart	143|blue|emotion|heart|ily|love|romance
ğŸ’š	green heart	143|emotion|green|heart|ily|love|romantic
ğŸ’›	yellow heart	143|cardiac|emotion|heart|ily|love|yellow
ğŸ’œ	purple heart	143|bestest|emotion|heart|ily|love|purple
ğŸ’	heart with ribbon	143|anniversary|emotion|heart|ily|kisses|ribbon|valentine|xoxo
ğŸ’	revolving hearts	143|adorbs|anniversary|emotion|heart|hearts|revolving
ğŸ’Ÿ	heart decoration	143|decoration|emotion|heart|hearth|purple|white
ğŸ’ 	diamond with a dot	comic|diamond|dot|geometric
ğŸ’¡	light bulb	bulb|comic|electric|idea|light
ğŸ’¢	anger symbol	anger|angry|comic|mad|symbol|upset
ğŸ’£	bomb	bomb|boom|comic|dangerous|explosion|hot
ğŸ’¤	ZZZ	comic|good|goodnight|night|sleep|sleeping|sleepy|tired|zzz
ğŸ’¥	collision	bomb|boom|collide|collision|comic|explode
ğŸ’¦	sweat droplets	comic|drip|droplet|droplets|drops|splashing|squirt|sweat|water|wet|work|workout
ğŸ’§	droplet	cold|comic|drop|droplet|nature|sad|sweat|tear|water|weather
ğŸ’¨	dashing away	away|cloud|comic|dash|dashing|fart|fast|go|gone|gotta|running|smoke
ğŸ’©	pile of poo	bs|comic|doo|dung|face|fml|monster|pile|poo|poop|smelly|smh|stink|stinks|stinky|turd
ğŸ’ª	flexed biceps	arm|beast|bench|biceps|bodybuilder|bro|curls|flex|gains|gym|jacked|muscle|press|ripped|strong|weightlift
ğŸ’«	dizzy	comic|dizzy|shining|shooting|star|stars
ğŸ’¬	speech balloon	balloon|bubble|comic|dialog|message|sms|speech|talk|text|typing
ğŸ’­	thought balloon	balloon|bubble|cartoon|cloud|comic|daydream|decisions|dream|idea|invent|invention|realize|think|thoughts|wonder
ğŸ’®	white flower	flower|white
ğŸ’¯	hundred points	100|a+|agree|clearly|definitely|faithful|fleek|full|hundred|keep|perfect|point|score|TRUE|truth|yup
ğŸ’°	money bag	bag|bank|bet|billion|cash|cost|dollar|gold|million|money|moneybag|paid|paying|pot|rich|win
ğŸ’±	currency exchange	bank|currency|exchange|money
ğŸ’²	heavy dollar sign	billion|cash|charge|currency|dollar|heavy|million|money|pay|sign
ğŸ’³	credit card	bank|card|cash|charge|credit|money|pay
ğŸ’´	yen banknote	bank|banknote|bill|currency|money|note|yen
ğŸ’µ	dollar banknote	bank|banknote|bill|currency|dollar|money|note
ğŸ’¶	euro banknote	100|bank|banknote|bill|currency|euro|money|note|rich
ğŸ’·	pound banknote	bank|banknote|bill|billion|cash|currency|money|note|pound|pounds
ğŸ’¸	money with wings	bank|banknote|bill|billion|cash|dollar|fly|million|money|note|pay|wings
ğŸ’¹	chart increasing with yen	bank|chart|currency|graph|growth|increasing|market|money|rise|trend|upward|yen
ğŸ’º	seat	chair|seat
ğŸ’»	laptop	computer|laptop|office|pc|personal
ğŸ’¼	briefcase	briefcase|office
ğŸ’½	computer disk	computer|disk|minidisk|optical
ğŸ’¾	floppy disk	computer|disk|floppy
ğŸ’¿	optical disk	blu-ray|CD|computer|disk|dvd|optical
ğŸ“€	dvd	Blu-ray|cd|computer|disk|DVD|optical
ğŸ“	file folder	file|folder
ğŸ“‚	open file folder	file|folder|open
ğŸ“ƒ	page with curl	curl|document|page|paper
ğŸ“„	page facing up	document|facing|page|paper|up
ğŸ“…	calendar	calendar|date
ğŸ“†	tear-off calendar	calendar|tear-off
ğŸ“‡	card index	card|index|old|rolodex|school
ğŸ“ˆ	chart increasing	chart|data|graph|growth|increasing|right|trend|up|upward
ğŸ“‰	chart decreasing	chart|data|decreasing|down|downward|graph|negative|trend
ğŸ“Š	bar chart	bar|chart|data|graph
ğŸ“‹	clipboard	clipboard|do|list|notes
ğŸ“Œ	pushpin	collage|pin|pushpin
ğŸ“	round pushpin	location|map|pin|pushpin|round
ğŸ“	paperclip	paperclip
ğŸ“	straight ruler	angle|edge|math|ruler|straight|straightedge
ğŸ“	triangular ruler	angle|math|rule|ruler|set|slide|triangle|triangular
ğŸ“‘	bookmark tabs	bookmark|mark|marker|tabs
ğŸ“’	ledger	ledger|notebook
ğŸ““	notebook	notebook
ğŸ“”	notebook with decorative cover	book|cover|decorated|decorative|education|notebook|school|writing
ğŸ“•	closed book	book|closed|education
ğŸ“–	open book	book|education|fantasy|knowledge|library|novels|open|reading
ğŸ“—	green book	book|education|fantasy|green|library|reading
ğŸ“˜	blue book	blue|book|education|fantasy|library|reading
ğŸ“™	orange book	book|education|fantasy|library|orange|reading
ğŸ“š	books	book|books|education|fantasy|knowledge|library|novels|reading|school|study
ğŸ“›	name badge	badge|name
ğŸ“œ	scroll	paper|scroll
ğŸ“	memo	communication|media|memo|notes|pencil
ğŸ“	telephone receiver	communication|phone|receiver|telephone|voip
ğŸ“Ÿ	pager	communication|pager
ğŸ“ 	fax machine	communication|fax|machine
ğŸ“¡	satellite antenna	aliens|antenna|contact|dish|satellite|science
ğŸ“¢	loudspeaker	address|communication|loud|loudspeaker|public|sound
ğŸ“£	megaphone	cheering|megaphone|sound
ğŸ“¤	outbox tray	box|email|letter|mail|outbox|sent|tray
ğŸ“¥	inbox tray	box|email|inbox|letter|mail|receive|tray|zero
ğŸ“¦	package	box|communication|delivery|package|parcel|shipping
ğŸ“§	e-mail	e-mail|email|letter|mail
ğŸ“¨	incoming envelope	delivering|e-mail|email|envelope|incoming|letter|mail|receive|sent
ğŸ“©	envelope with arrow	arrow|communication|down|e-mail|email|envelope|letter|mail|outgoing|send|sent
ğŸ“ª	closed mailbox with lowered flag	closed|flag|lowered|mail|mailbox|postbox
ğŸ“«	closed mailbox with raised flag	closed|communication|flag|mail|mailbox|postbox|raised
ğŸ“¬	open mailbox with raised flag	flag|mail|mailbox|open|postbox|raised
ğŸ“­	open mailbox with lowered flag	flag|lowered|mail|mailbox|open|postbox
ğŸ“®	postbox	mail|mailbox|postbox
ğŸ“¯	postal horn	horn|post|postal
ğŸ“°	newspaper	communication|news|newspaper|paper
ğŸ“±	mobile phone	cell|communication|mobile|phone|telephone
ğŸ“²	mobile phone with arrow	arrow|build|call|cell|communication|mobile|phone|receive|telephone
ğŸ“³	vibration mode	cell|communication|mobile|mode|phone|telephone|vibration
ğŸ“´	mobile phone off	cell|mobile|off|phone|telephone
ğŸ“µ	no mobile phones	cell|forbidden|mobile|no|not|phone|phones|prohibited|telephone
ğŸ“¶	antenna bars	antenna|bar|bars|cell|communication|mobile|phone|signal|telephone
ğŸ“·	camera	camera|photo|selfie|snap|tbt|trip|video
ğŸ“¸	camera with flash	camera|flash|video
ğŸ“¹	video camera	camcorder|camera|tbt|video
ğŸ“º	television	television|tv|video
ğŸ“»	radio	entertainment|radio|tbt|video
ğŸ“¼	videocassette	old|school|tape|vcr|vhs|video|videocassette
ğŸ“¿	prayer beads	beads|clothing|necklace|prayer|religion
ğŸ”€	shuffle tracks button	arrow|button|crossed|shuffle|tracks
ğŸ”	repeat button	arrow|button|clockwise|repeat
ğŸ”‚	repeat single button	arrow|button|clockwise|once|repeat|single
ğŸ”ƒ	clockwise vertical arrows	arrow|arrows|clockwise|refresh|reload|vertical
ğŸ”„	counterclockwise arrows button	again|anticlockwise|arrow|arrows|button|counterclockwise|deja|refresh|rewindershins|vu
ğŸ”…	dim button	brightness|button|dim|low
ğŸ”†	bright button	bright|brightness|button|light
ğŸ”‡	muted speaker	mute|muted|quiet|silent|sound|speaker
ğŸ”ˆ	speaker low volume	low|soft|sound|speaker|volume
ğŸ”‰	speaker medium volume	medium|sound|speaker|volume
ğŸ”Š	speaker high volume	high|loud|music|sound|speaker|volume
ğŸ”‹	battery	battery
ğŸ”Œ	electric plug	electric|electricity|plug
ğŸ”	magnifying glass tilted left	glass|lab|left|left-pointing|magnifying|science|search|tilted|tool
ğŸ”	magnifying glass tilted right	contact|glass|lab|magnifying|right|right-pointing|science|search|tilted|tool
ğŸ”	locked with pen	ink|lock|locked|nib|pen|privacy
ğŸ”	locked with key	bike|closed|key|lock|locked|secure
ğŸ”‘	key	key|keys|lock|major|password|unlock
ğŸ”’	locked	closed|lock|locked|private
ğŸ”“	unlocked	cracked|lock|open|unlock|unlocked
ğŸ””	bell	bell|break|church|sound
ğŸ”•	bell with slash	bell|forbidden|mute|no|not|prohibited|quiet|silent|slash|sound
ğŸ”–	bookmark	bookmark|mark
ğŸ”—	link	link|links
ğŸ”˜	radio button	button|geometric|radio
ğŸ”™	BACK arrow	arrow|BACK
ğŸ”š	END arrow	arrow|END
ğŸ”›	ON! arrow	arrow|mark|ON!
ğŸ”œ	SOON arrow	arrow|brb|omw|SOON
ğŸ”	TOP arrow	arrow|homie|TOP|up
ğŸ”	no one under eighteen	18|age|eighteen|forbidden|no|not|one|prohibited|restriction|underage
ğŸ” 	input latin uppercase	ABCD|input|latin|letters|uppercase
ğŸ”¡	input latin lowercase	abcd|input|latin|letters|lowercase
ğŸ”¢	input numbers	1234|input|numbers
ğŸ”£	input symbols	&|%|â™ª|ã€’|input|symbols
ğŸ”¤	input latin letters	abc|alphabet|input|latin|letters
ğŸ”¥	fire	af|burn|fire|flame|hot|lit|litaf|tool
ğŸ”¦	flashlight	electric|flashlight|light|tool|torch
ğŸ”§	wrench	home|improvement|spanner|tool|wrench
ğŸ”¨	hammer	hammer|home|improvement|repairs|tool
ğŸ”©	nut and bolt	bolt|home|improvement|nut|tool
ğŸ”ª	kitchen knife	chef|cooking|hocho|kitchen|knife|tool|weapon
ğŸ”«	water pistol	gun|handgun|pistol|revolver|tool|water|weapon
ğŸ”¬	microscope	experiment|lab|microscope|science|tool
ğŸ”­	telescope	contact|extraterrestrial|science|telescope|tool
ğŸ”®	crystal ball	ball|crystal|fairy|fairytale|fantasy|fortune|future|magic|tale|tool
ğŸ”¯	dotted six-pointed star	dotted|fortune|jewish|judaism|six-pointed|star
ğŸ”°	Japanese symbol for beginner	beginner|chevron|green|Japanese|leaf|symbol|tool|yellow
ğŸ”±	trident emblem	anchor|emblem|poseidon|ship|tool|trident
ğŸ”²	black square button	black|button|geometric|square
ğŸ”³	white square button	button|geometric|outlined|square|white
ğŸ”´	red circle	circle|geometric|red
ğŸ”µ	blue circle	blue|circle|geometric
ğŸ”¶	large orange diamond	diamond|geometric|large|orange
ğŸ”·	large blue diamond	blue|diamond|geometric|large
ğŸ”¸	small orange diamond	diamond|geometric|orange|small
ğŸ”¹	small blue diamond	blue|diamond|geometric|small
ğŸ”º	red triangle pointed up	geometric|pointed|red|triangle|up
ğŸ”»	red triangle pointed down	down|geometric|pointed|red|triangle
ğŸ”¼	upwards button	arrow|button|red|up|upwards
ğŸ”½	downwards button	arrow|button|down|downwards|red
ğŸ•‹	kaaba	hajj|islam|kaaba|Muslim|religion|umrah
ğŸ•Œ	mosque	islam|masjid|mosque|Muslim|religion
ğŸ•	synagogue	Jew|Jewish|judaism|religion|synagogue|temple
ğŸ•	menorah	candelabrum|candlestick|hanukkah|jewish|judaism|menorah|religion
ğŸ•	one oâ€™clock	1|1:00|clock|oâ€™clock|one|time
ğŸ•‘	two oâ€™clock	2|2:00|clock|oâ€™clock|time|two
ğŸ•’	three oâ€™clock	3|3:00|clock|oâ€™clock|three|time
ğŸ•“	four oâ€™clock	4|4:00|clock|four|oâ€™clock|time
ğŸ•”	five oâ€™clock	5|5:00|clock|five|oâ€™clock|time
ğŸ••	six oâ€™clock	6|6:00|clock|oâ€™clock|six|time
ğŸ•–	seven oâ€™clock	0|7|7:00|clock|oâ€™clock|seven
ğŸ•—	eight oâ€™clock	8|8:00|clock|eight|oâ€™clock|time
ğŸ•˜	nine oâ€™clock	9|9:00|clock|nine|oâ€™clock|time
ğŸ•™	ten oâ€™clock	0|10|10:00|clock|oâ€™clock|ten
ğŸ•š	eleven oâ€™clock	11|11:00|clock|eleven|oâ€™clock|time
ğŸ•›	twelve oâ€™clock	12|12:00|clock|oâ€™clock|time|twelve
ğŸ•œ	one-thirty	1|1:30|30|clock|one|one-thirty|thirty|time
ğŸ•	two-thirty	2|2:30|30|clock|thirty|time|two|two-thirty
ğŸ•	three-thirty	3|3:30|30|clock|thirty|three|three-thirty|time
ğŸ•Ÿ	four-thirty	30|4|4:30|clock|four|four-thirty|thirty|time
ğŸ• 	five-thirty	30|5|5:30|clock|five|five-thirty|thirty|time
ğŸ•¡	six-thirty	30|6|6:30|clock|six|six-thirty|thirty
ğŸ•¢	seven-thirty	30|7|7:30|clock|seven|seven-thirty|thirty
ğŸ•£	eight-thirty	30|8|8:30|clock|eight|eight-thirty|thirty|time
ğŸ•¤	nine-thirty	30|9|9:30|clock|nine|nine-thirty|thirty|time
ğŸ•¥	ten-thirty	10|10:30|30|clock|ten|ten-thirty|thirty|time
ğŸ•¦	eleven-thirty	11|11:30|30|clock|eleven|eleven-thirty|thirty|time
ğŸ•§	twelve-thirty	12|12:30|30|clock|thirty|time|twelve|twelve-thirty
ğŸ•º	man dancing	dance|dancer|dancing|elegant|festive|flair|flamenco|groove|letâ€™s|man|salsa|tango
ğŸ–•	middle finger	finger|hand|middle
ğŸ––	vulcan salute	finger|hand|hands|salute|Vulcan
ğŸ–¤	black heart	black|evil|heart|wicked
ğŸ—»	mount fuji	fuji|mount|mountain|nature
ğŸ—¼	Tokyo tower	Tokyo|tower
ğŸ—½	Statue of Liberty	liberty|Liberty|new|ny|nyc|statue|Statue|york
ğŸ—¾	map of Japan	Japan|map
ğŸ—¿	moai	face|moai|moyai|statue|stoneface|travel
ğŸ˜€	grinning face	cheerful|cheery|face|grin|grinning|happy|laugh|nice|smile|smiling|teeth
ğŸ˜	beaming face with smiling eyes	beaming|eye|eyes|face|grin|grinning|happy|nice|smile|smiling|teeth
ğŸ˜‚	face with tears of joy	crying|face|feels|funny|haha|happy|hehe|hilarious|joy|laugh|lmao|lol|rofl|roflmao|tear
ğŸ˜ƒ	grinning face with big eyes	awesome|big|eyes|face|grin|grinning|happy|mouth|open|smile|smiling|teeth|yay
ğŸ˜„	grinning face with smiling eyes	eye|eyes|face|grin|grinning|happy|laugh|lol|mouth|open|smile|smiling
ğŸ˜…	grinning face with sweat	cold|dejected|excited|face|grinning|mouth|nervous|open|smile|smiling|stress|stressed|sweat
ğŸ˜†	grinning squinting face	closed|eyes|face|grinning|haha|hahaha|happy|laugh|lol|mouth|open|rofl|smile|smiling|squinting
ğŸ˜‡	smiling face with halo	angel|angelic|angels|blessed|face|fairy|fairytale|fantasy|halo|happy|innocent|peaceful|smile|smiling|spirit|tale
ğŸ˜ˆ	smiling face with horns	demon|devil|evil|face|fairy|fairytale|fantasy|horns|purple|shade|smile|smiling|tale
ğŸ˜‰	winking face	face|flirt|heartbreaker|sexy|slide|tease|wink|winking|winks
ğŸ˜Š	smiling face with smiling eyes	blush|eye|eyes|face|glad|satisfied|smile|smiling
ğŸ˜‹	face savoring food	delicious|eat|face|food|full|hungry|savor|smile|smiling|tasty|um|yum|yummy
ğŸ˜Œ	relieved face	calm|face|peace|relief|relieved|zen
ğŸ˜	smiling face with heart-eyes	143|bae|eye|face|feels|heart-eyes|hearts|ily|kisses|love|romance|romantic|smile|xoxo
ğŸ˜	smiling face with sunglasses	awesome|beach|bright|bro|chilling|cool|face|rad|relaxed|shades|slay|smile|style|sunglasses|swag|win
ğŸ˜	smirking face	boss|dapper|face|flirt|homie|kidding|leer|shade|slick|sly|smirk|smug|snicker|suave|suspicious|swag
ğŸ˜	neutral face	awkward|blank|deadpan|expressionless|face|fine|jealous|meh|neutral|oh|shade|straight|unamused|unhappy|unimpressed|whatever
ğŸ˜‘	expressionless face	awkward|dead|expressionless|face|fine|inexpressive|jealous|meh|not|oh|omg|straight|uh|unhappy|unimpressed|whatever
ğŸ˜’	unamused face	...|bored|face|fine|jealous|jel|jelly|pissed|smh|ugh|uhh|unamused|unhappy|weird|whatever
ğŸ˜“	downcast face with sweat	close|cold|downcast|face|feels|headache|nervous|sad|scared|sweat|yikes
ğŸ˜”	pensive face	awful|bored|dejected|died|disappointed|face|losing|lost|pensive|sad|sucks
ğŸ˜•	confused face	befuddled|confused|confusing|dunno|face|frown|hm|meh|not|sad|sorry|sure
ğŸ˜–	confounded face	annoyed|confounded|confused|cringe|distraught|face|feels|frustrated|mad|sad
ğŸ˜—	kissing face	143|date|dating|face|flirt|ily|kiss|love|smooch|smooches|xoxo|you
ğŸ˜˜	face blowing a kiss	adorbs|bae|blowing|face|flirt|heart|ily|kiss|love|lover|miss|muah|romantic|smooch|xoxo|you
ğŸ˜™	kissing face with smiling eyes	143|closed|date|dating|eye|eyes|face|flirt|ily|kiss|kisses|kissing|love|night|smile|smiling
ğŸ˜š	kissing face with closed eyes	143|bae|blush|closed|date|dating|eye|eyes|face|flirt|ily|kisses|kissing|smooches|xoxo
ğŸ˜›	face with tongue	awesome|cool|face|nice|party|stuck-out|sweet|tongue
ğŸ˜œ	winking face with tongue	crazy|epic|eye|face|funny|joke|loopy|nutty|party|stuck-out|tongue|wacky|weirdo|wink|winking|yolo
ğŸ˜	squinting face with tongue	closed|eye|eyes|face|gross|horrible|omg|squinting|stuck-out|taste|tongue|whatever|yolo
ğŸ˜	disappointed face	awful|blame|dejected|disappointed|face|fail|losing|sad|unhappy
ğŸ˜Ÿ	worried face	anxious|butterflies|face|nerves|nervous|sad|stress|stressed|surprised|worried|worry
ğŸ˜ 	angry face	anger|angry|blame|face|feels|frustrated|mad|maddening|rage|shade|unhappy|upset
ğŸ˜¡	enraged face	anger|angry|enraged|face|feels|mad|maddening|pouting|rage|red|shade|unhappy|upset
ğŸ˜¢	crying face	awful|cry|crying|face|feels|miss|sad|tear|triste|unhappy
ğŸ˜£	persevering face	concentrate|concentration|face|focus|headache|persevere|persevering
ğŸ˜¤	face with steam from nose	anger|angry|face|feels|fume|fuming|furious|fury|mad|nose|steam|triumph|unhappy|won
ğŸ˜¥	sad but relieved face	anxious|call|close|complicated|disappointed|face|not|relieved|sad|sweat|time|whew
ğŸ˜¦	frowning face with open mouth	caught|face|frown|frowning|guard|mouth|open|scared|scary|surprise|what|wow
ğŸ˜§	anguished face	anguished|face|forgot|scared|scary|stressed|surprise|unhappy|what|wow
ğŸ˜¨	fearful face	afraid|anxious|blame|face|fear|fearful|scared|worried
ğŸ˜©	weary face	crying|face|fail|feels|hungry|mad|nooo|sad|sleepy|tired|unhappy|weary
ğŸ˜ª	sleepy face	crying|face|good|night|sad|sleep|sleeping|sleepy|tired
ğŸ˜«	tired face	cost|face|feels|nap|sad|sneeze|tired
ğŸ˜¬	grimacing face	awk|awkward|dentist|face|grimace|grimacing|grinning|smile|smiling
ğŸ˜­	loudly crying face	bawling|cry|crying|face|loudly|sad|sob|tear|tears|unhappy
ğŸ˜®	face with open mouth	believe|face|forgot|mouth|omg|open|shocked|surprised|sympathy|unbelievable|unreal|whoa|wow|you
ğŸ˜®â€ğŸ’¨	face exhaling	blow|blowing|exhale|exhaling|exhausted|face|gasp|groan|relief|sigh|smiley|smoke|whisper|whistle
ğŸ˜¯	hushed face	epic|face|hushed|omg|stunned|surprised|whoa|woah
ğŸ˜°	anxious face with sweat	anxious|blue|cold|eek|face|mouth|nervous|open|rushed|scared|sweat|yikes
ğŸ˜±	face screaming in fear	epic|face|fear|fearful|munch|scared|scream|screamer|screaming|shocked|surprised|woah
ğŸ˜²	astonished face	astonished|cost|face|no|omg|shocked|totally|way
ğŸ˜³	flushed face	amazed|awkward|crazy|dazed|dead|disbelief|embarrassed|face|flushed|geez|heat|hot|impressed|jeez|what|wow
ğŸ˜´	sleeping face	bed|bedtime|face|good|goodnight|nap|night|sleep|sleeping|tired|whatever|yawn|zzz
ğŸ˜µ	face with crossed-out eyes	crossed-out|dead|dizzy|eyes|face|feels|knocked|out|sick|tired
ğŸ˜µâ€ğŸ’«	face with spiral eyes	confused|dizzy|eyes|face|hypnotized|omg|smiley|spiral|trouble|whoa|woah|woozy
ğŸ˜¶	face without mouth	awkward|blank|expressionless|face|mouth|mouthless|mute|quiet|secret|silence|silent|speechless
ğŸ˜·	face with medical mask	cold|dentist|dermatologist|doctor|dr|face|germs|mask|medical|medicine|sick
ğŸ˜¸	grinning cat with smiling eyes	animal|cat|eye|eyes|face|grin|grinning|smile|smiling
ğŸ˜¹	cat with tears of joy	animal|cat|face|joy|laugh|laughing|lol|tear|tears
ğŸ˜º	grinning cat	animal|cat|face|grinning|mouth|open|smile|smiling
ğŸ˜»	smiling cat with heart-eyes	animal|cat|eye|face|heart|heart-eyes|love|smile|smiling
ğŸ˜¼	cat with wry smile	animal|cat|face|ironic|smile|wry
ğŸ˜½	kissing cat	animal|cat|closed|eye|eyes|face|kiss|kissing
ğŸ˜¾	pouting cat	animal|cat|face|pouting
ğŸ˜¿	crying cat	animal|cat|cry|crying|face|sad|tear
ğŸ™€	weary cat	animal|cat|face|oh|surprised|weary
ğŸ™	slightly frowning face	face|frown|frowning|sad|slightly
ğŸ™‚	slightly smiling face	face|happy|slightly|smile|smiling
ğŸ™ƒ	upside-down face	face|hehe|smile|upside-down
ğŸ™„	face with rolling eyes	eyeroll|eyes|face|rolling|shade|ugh|whatever
ğŸ™…	person gesturing NO	forbidden|gesture|hand|NO|not|person|prohibit
ğŸ™†	person gesturing OK	exercise|gesture|gesturing|hand|OK|omg|person
ğŸ™‡	person bowing	apology|ask|beg|bow|bowing|favor|forgive|gesture|meditate|meditation|person|pity|regret|sorry
ğŸ™ˆ	see-no-evil monkey	embarrassed|evil|face|forbidden|forgot|gesture|hide|monkey|no|omg|prohibited|scared|secret|smh|watch
ğŸ™‰	hear-no-evil monkey	animal|ears|evil|face|forbidden|gesture|hear|listen|monkey|no|not|prohibited|secret|shh|tmi
ğŸ™Š	speak-no-evil monkey	animal|evil|face|forbidden|gesture|monkey|no|not|oops|prohibited|quiet|secret|speak|stealth
ğŸ™‹	person raising hand	gesture|hand|here|know|me|person|pick|question|raise|raising
ğŸ™Œ	raising hands	celebration|gesture|hand|hands|hooray|praise|raised|raising
ğŸ™	person frowning	annoyed|disappointed|disgruntled|disturbed|frown|frowning|frustrated|gesture|irritated|person|upset
ğŸ™	person pouting	disappointed|downtrodden|frown|grimace|person|pouting|scowl|sulk|upset|whine
ğŸ™	folded hands	appreciate|ask|beg|blessed|bow|cmon|five|folded|gesture|hand|high|please|pray|thanks|thx
ğŸš€	rocket	launch|rocket|rockets|space|travel
ğŸš	helicopter	copter|helicopter|roflcopter|travel|vehicle
ğŸš‚	locomotive	caboose|engine|locomotive|railway|steam|train|trains|travel
ğŸšƒ	railway car	car|electric|railway|train|tram|travel|trolleybus
ğŸš„	high-speed train	high-speed|railway|shinkansen|speed|train
ğŸš…	bullet train	bullet|high-speed|nose|railway|shinkansen|speed|train|travel
ğŸš†	train	arrived|choo|railway|train
ğŸš‡	metro	metro|subway|travel
ğŸšˆ	light rail	arrived|light|monorail|rail|railway
ğŸš‰	station	railway|station|train
ğŸšŠ	tram	tram|trolleybus
ğŸš‹	tram car	bus|car|tram|trolley|trolleybus
ğŸšŒ	bus	bus|school|vehicle
ğŸš	oncoming bus	bus|cars|oncoming
ğŸš	trolleybus	bus|tram|trolley|trolleybus
ğŸš	bus stop	bus|busstop|stop
ğŸš	minibus	bus|drive|minibus|van|vehicle
ğŸš‘	ambulance	ambulance|emergency|vehicle
ğŸš’	fire engine	engine|fire|truck
ğŸš“	police car	5â€“0|car|cops|patrol|police
ğŸš”	oncoming police car	car|oncoming|police
ğŸš•	taxi	cab|cabbie|car|drive|taxi|vehicle|yellow
ğŸš–	oncoming taxi	cab|cabbie|cars|drove|hail|oncoming|taxi|yellow
ğŸš—	automobile	automobile|car|driving|vehicle
ğŸš˜	oncoming automobile	automobile|car|cars|drove|oncoming|vehicle
ğŸš™	sport utility vehicle	car|drive|recreational|sport|sportutility|utility|vehicle
ğŸšš	delivery truck	car|delivery|drive|truck|vehicle
ğŸš›	articulated lorry	articulated|car|drive|lorry|move|semi|truck|vehicle
ğŸšœ	tractor	tractor|vehicle
ğŸš	monorail	monorail|vehicle
ğŸš	mountain railway	car|mountain|railway|trip
ğŸšŸ	suspension railway	railway|suspension
ğŸš 	mountain cableway	cable|cableway|gondola|lift|mountain|ski
ğŸš¡	aerial tramway	aerial|cable|car|gondola|ropeway|tramway
ğŸš¢	ship	boat|passenger|ship|travel
ğŸš£	person rowing boat	boat|canoe|cruise|fishing|lake|oar|paddle|person|raft|river|row|rowboat|rowing
ğŸš¤	speedboat	billionaire|boat|lake|luxury|millionaire|speedboat|summer|travel
ğŸš¥	horizontal traffic light	horizontal|intersection|light|signal|stop|stoplight|traffic
ğŸš¦	vertical traffic light	drove|intersection|light|signal|stop|stoplight|traffic|vertical
ğŸš§	construction	barrier|construction
ğŸš¨	police car light	alarm|alert|beacon|car|emergency|light|police|revolving|siren
ğŸš©	triangular flag	construction|flag|golf|post|triangular
ğŸšª	door	back|closet|door|front
ğŸš«	prohibited	entry|forbidden|no|not|prohibited|smoke
ğŸš¬	cigarette	cigarette|smoking
ğŸš­	no smoking	forbidden|no|not|prohibited|smoke|smoking
ğŸš®	litter in bin sign	bin|litter|litterbin|sign
ğŸš¯	no littering	forbidden|litter|littering|no|not|prohibited
ğŸš°	potable water	drinking|potable|water
ğŸš±	non-potable water	dry|non-drinking|non-potable|prohibited|water
ğŸš²	bicycle	bicycle|bike|class|cycle|cycling|cyclist|gang|ride|spin|spinning
ğŸš³	no bicycles	bicycle|bicycles|bike|forbidden|no|not|prohibited
ğŸš´	person biking	bicycle|bicyclist|bike|biking|cycle|cyclist|person|riding|sport
ğŸšµ	person mountain biking	bicycle|bicyclist|bike|biking|cycle|cyclist|mountain|person|riding|sport
ğŸš¶	person walking	amble|gait|hike|man|pace|pedestrian|person|stride|stroll|walk|walking
ğŸš·	no pedestrians	forbidden|no|not|pedestrian|pedestrians|prohibited
ğŸš¸	children crossing	child|children|crossing|pedestrian|traffic
ğŸš¹	menâ€™s room	bathroom|lavatory|man|menâ€™s|restroom|room|toilet|WC
ğŸšº	womenâ€™s room	bathroom|lavatory|restroom|room|toilet|WC|woman|womenâ€™s
ğŸš»	restroom	bathroom|lavatory|restroom|toilet|WC
ğŸš¼	baby symbol	baby|changing|symbol
ğŸš½	toilet	bathroom|toilet
ğŸš¾	water closet	bathroom|closet|lavatory|restroom|toilet|water|WC
ğŸš¿	shower	shower|water
ğŸ›€	person taking bath	bath|bathtub|person|taking|tub
ğŸ›	bathtub	bath|bathtub
ğŸ›‚	passport control	control|passport
ğŸ›ƒ	customs	customs|packing
ğŸ›„	baggage claim	arrived|baggage|bags|case|checked|claim|journey|packing|plane|ready|travel|trip
ğŸ›…	left luggage	baggage|case|left|locker|luggage
ğŸ›Œ	person in bed	bed|bedtime|good|goodnight|hotel|nap|night|person|sleep|tired|zzz
ğŸ›	place of worship	place|pray|religion|worship
ğŸ›‘	stop sign	octagonal|sign|stop
ğŸ›’	shopping cart	cart|shopping|trolley
ğŸ›•	hindu temple	hindu|temple
ğŸ›–	hut	home|house|hut|roundhouse|shelter|yurt
ğŸ›—	elevator	accessibility|elevator|hoist|lift
ğŸ›œ	wireless	broadband|computer|connectivity|hotspot|internet|network|router|smartphone|wi-fi|wifi|wireless|wlan
ğŸ›	playground slide	amusement|park|play|playground|playing|slide|sliding|theme
ğŸ›	wheel	car|circle|tire|turn|vehicle|wheel
ğŸ›Ÿ	ring buoy	buoy|float|life|lifesaver|preserver|rescue|ring|safety|save|saver|swim
ğŸ›«	airplane departure	aeroplane|airplane|check-in|departure|departures|plane
ğŸ›¬	airplane arrival	aeroplane|airplane|arrival|arrivals|arriving|landing|plane
ğŸ›´	kick scooter	kick|scooter
ğŸ›µ	motor scooter	motor|scooter
ğŸ›¶	canoe	boat|canoe
ğŸ›·	sled	luge|sled|sledge|sleigh|snow|toboggan
ğŸ›¸	flying saucer	aliens|extra|flying|saucer|terrestrial|UFO
ğŸ›¹	skateboard	board|skate|skateboard|skater|wheels
ğŸ›º	auto rickshaw	auto|rickshaw|tuk
ğŸ›»	pickup truck	automobile|car|flatbed|pick-up|pickup|transportation|truck
ğŸ›¼	roller skate	blades|roller|skate|skates|sport
ğŸŸ 	orange circle	circle|orange
ğŸŸ¡	yellow circle	circle|yellow
ğŸŸ¢	green circle	circle|green
ğŸŸ£	purple circle	circle|purple
ğŸŸ¤	brown circle	brown|circle
ğŸŸ¥	red square	card|penalty|red|square
ğŸŸ¦	blue square	blue|square
ğŸŸ§	orange square	orange|square
ğŸŸ¨	yellow square	card|penalty|square|yellow
ğŸŸ©	green square	green|square
ğŸŸª	purple square	purple|square
ğŸŸ«	brown square	brown|square
ğŸŸ°	heavy equals sign	answer|equal|equality|equals|heavy|math|sign
ğŸ¤Œ	pinched fingers	fingers|gesture|hand|hold|huh|interrogation|patience|pinched|relax|sarcastic|ugh|what|zip
ğŸ¤	white heart	143|heart|white
ğŸ¤	brown heart	143|brown|heart
ğŸ¤	pinching hand	amount|bit|fingers|hand|little|pinching|small|sort
ğŸ¤	zipper-mouth face	face|keep|mouth|quiet|secret|shut|zip|zipper|zipper-mouth
ğŸ¤‘	money-mouth face	face|money|money-mouth|mouth|paid
ğŸ¤’	face with thermometer	face|ill|sick|thermometer
ğŸ¤“	nerd face	brainy|clever|expert|face|geek|gifted|glasses|intelligent|nerd|smart
ğŸ¤”	thinking face	chin|consider|face|hmm|ponder|pondering|thinking|wondering
ğŸ¤•	face with head-bandage	bandage|face|head-bandage|hurt|injury|ouch
ğŸ¤–	robot	face|monster|robot
ğŸ¤—	smiling face with open hands	face|hands|hug|hugging|open|smiling
ğŸ¤˜	sign of the horns	finger|hand|horns|rock-on|sign
ğŸ¤™	call me hand	call|hand|hang|loose|me|Shaka
ğŸ¤š	raised back of hand	back|backhand|hand|raised
ğŸ¤›	left-facing fist	fist|left-facing|leftwards
ğŸ¤œ	right-facing fist	fist|right-facing|rightwards
ğŸ¤	handshake	agreement|deal|hand|handshake|meeting|shake
ğŸ¤	crossed fingers	cross|crossed|finger|fingers|hand|luck
ğŸ¤Ÿ	love-you gesture	fingers|gesture|hand|ILY|love|love-you|three|you
ğŸ¤ 	cowboy hat face	cowboy|cowgirl|face|hat
ğŸ¤¡	clown face	clown|face
ğŸ¤¢	nauseated face	face|gross|nasty|nauseated|sick|vomit
ğŸ¤£	rolling on the floor laughing	crying|face|floor|funny|haha|happy|hehe|hilarious|joy|laugh|lmao|lol|rofl|roflmao|rolling|tear
ğŸ¤¤	drooling face	drooling|face
ğŸ¤¥	lying face	face|liar|lie|lying|pinocchio
ğŸ¤¦	person facepalming	again|bewilder|disbelief|exasperation|facepalm|no|not|oh|omg|person|shock|smh
ğŸ¤§	sneezing face	face|fever|flu|gesundheit|sick|sneeze|sneezing
ğŸ¤¨	face with raised eyebrow	disapproval|disbelief|distrust|emoji|eyebrow|face|hmm|mild|raised|skeptic|skeptical|skepticism|surprise|what
ğŸ¤©	star-struck	excited|eyes|face|grinning|smile|star|star-struck|starry-eyed|wow
ğŸ¤ª	zany face	crazy|eye|eyes|face|goofy|large|small|zany
ğŸ¤«	shushing face	face|quiet|shh|shush|shushing
ğŸ¤¬	face with symbols on mouth	censor|cursing|cussing|face|mad|mouth|pissed|swearing|symbols
ğŸ¤­	face with hand over mouth	face|giggle|giggling|hand|mouth|oops|realization|secret|shock|sudden|surprise|whoops
ğŸ¤®	face vomiting	barf|ew|face|gross|puke|sick|spew|throw|up|vomit|vomiting
ğŸ¤¯	exploding head	blown|explode|exploding|head|mind|mindblown|no|shocked|way
ğŸ¤°	pregnant woman	pregnant|woman
ğŸ¤±	breast-feeding	baby|breast|breast-feeding|feeding|mom|mother|nursing|woman
ğŸ¤²	palms up together	cupped|dua|hands|palms|pray|prayer|together|up|wish
ğŸ¤³	selfie	camera|phone|selfie
ğŸ¤´	prince	crown|fairy|fairytale|fantasy|king|prince|royal|royalty|tale
ğŸ¤µ	person in tuxedo	formal|person|tuxedo|wedding
ğŸ¤¶	Mrs. Claus	celebration|Christmas|claus|fairy|fantasy|holiday|merry|mother|Mrs|santa|tale|xmas
ğŸ¤·	person shrugging	doubt|dunno|guess|idk|ignorance|indifference|knows|maybe|person|shrug|shrugging|whatever|who
ğŸ¤¸	person cartwheeling	active|cartwheel|cartwheeling|excited|flip|gymnastics|happy|person|somersault
ğŸ¤¹	person juggling	act|balance|balancing|handle|juggle|juggling|manage|multitask|person|skill
ğŸ¤º	person fencing	fencer|fencing|person|sword
ğŸ¤¼	people wrestling	combat|duel|grapple|people|ring|tournament|wrestle|wrestling
ğŸ¤½	person playing water polo	person|playing|polo|sport|swimming|water|waterpolo
ğŸ¤¾	person playing handball	athletics|ball|catch|chuck|handball|hurl|lob|person|pitch|playing|sport|throw|toss
ğŸ¤¿	diving mask	diving|mask|scuba|snorkeling
ğŸ¥€	wilted flower	dying|flower|wilted
ğŸ¥	drum	drum|drumsticks|music
ğŸ¥‚	clinking glasses	celebrate|clink|clinking|drink|glass|glasses
ğŸ¥ƒ	tumbler glass	glass|liquor|scotch|shot|tumbler|whiskey|whisky
ğŸ¥„	spoon	eat|spoon|tableware
ğŸ¥…	goal net	goal|net
ğŸ¥‡	1st place medal	1st|first|gold|medal|place
ğŸ¥ˆ	2nd place medal	2nd|medal|place|second|silver
ğŸ¥‰	3rd place medal	3rd|bronze|medal|place|third
ğŸ¥Š	boxing glove	boxing|glove
ğŸ¥‹	martial arts uniform	arts|judo|karate|martial|taekwondo|uniform
ğŸ¥Œ	curling stone	curling|game|rock|stone
ğŸ¥	lacrosse	ball|goal|lacrosse|sports|stick
ğŸ¥	softball	ball|glove|softball|sports|underarm
ğŸ¥	flying disc	disc|flying|ultimate
ğŸ¥	croissant	bread|breakfast|crescent|croissant|food|french|roll
ğŸ¥‘	avocado	avocado|food|fruit
ğŸ¥’	cucumber	cucumber|food|pickle|vegetable
ğŸ¥“	bacon	bacon|breakfast|food|meat
ğŸ¥”	potato	food|potato|vegetable
ğŸ¥•	carrot	carrot|food|vegetable
ğŸ¥–	baguette bread	baguette|bread|food|french
ğŸ¥—	green salad	food|green|salad
ğŸ¥˜	shallow pan of food	casserole|food|paella|pan|shallow
ğŸ¥™	stuffed flatbread	falafel|flatbread|food|gyro|kebab|stuffed
ğŸ¥š	egg	breakfast|egg|food
ğŸ¥›	glass of milk	drink|glass|milk
ğŸ¥œ	peanuts	food|nut|peanut|peanuts|vegetable
ğŸ¥	kiwi fruit	food|fruit|kiwi
ğŸ¥	pancakes	breakfast|crÃªpe|food|hotcake|pancake|pancakes
ğŸ¥Ÿ	dumpling	dumpling|empanada|gyÅza|jiaozi|pierogi|potsticker
ğŸ¥ 	fortune cookie	cookie|fortune|prophecy
ğŸ¥¡	takeout box	box|chopsticks|delivery|food|oyster|pail|takeout
ğŸ¥¢	chopsticks	chopsticks|hashi|jeotgarak|kuaizi
ğŸ¥£	bowl with spoon	bowl|breakfast|cereal|congee|oatmeal|porridge|spoon
ğŸ¥¤	cup with straw	cup|drink|juice|malt|soda|soft|straw|water
ğŸ¥¥	coconut	coconut|colada|palm|piÃ±a
ğŸ¥¦	broccoli	broccoli|cabbage|wild
ğŸ¥§	pie	apple|filling|fruit|meat|pastry|pie|pumpkin|slice
ğŸ¥¨	pretzel	convoluted|pretzel|twisted
ğŸ¥©	cut of meat	chop|cut|lambchop|meat|porkchop|red|steak
ğŸ¥ª	sandwich	bread|sandwich
ğŸ¥«	canned food	can|canned|food
ğŸ¥¬	leafy green	bok|burgers|cabbage|choy|green|kale|leafy|lettuce|salad
ğŸ¥­	mango	food|fruit|mango|tropical
ğŸ¥®	moon cake	autumn|cake|festival|moon|yuÃ¨bÇng
ğŸ¥¯	bagel	bagel|bakery|bread|breakfast|schmear
ğŸ¥°	smiling face with hearts	3|adore|crush|face|heart|hearts|ily|love|romance|smile|smiling|you
ğŸ¥±	yawning face	bedtime|bored|face|goodnight|nap|night|sleep|sleepy|tired|whatever|yawn|yawning|zzz
ğŸ¥²	smiling face with tear	face|glad|grateful|happy|joy|pain|proud|relieved|smile|smiley|smiling|tear|touched
ğŸ¥³	partying face	bday|birthday|celebrate|celebration|excited|face|happy|hat|hooray|horn|party|partying
ğŸ¥´	woozy face	dizzy|drunk|eyes|face|intoxicated|mouth|tipsy|uneven|wavy|woozy
ğŸ¥µ	hot face	dying|face|feverish|heat|hot|panting|red-faced|stroke|sweating|tongue
ğŸ¥¶	cold face	blue|blue-faced|cold|face|freezing|frostbite|icicles|subzero|teeth
ğŸ¥·	ninja	assassin|fight|fighter|hidden|ninja|person|secret|skills|sly|soldier|stealth|war
ğŸ¥¸	disguised face	disguise|eyebrow|face|glasses|incognito|moustache|mustache|nose|person|spy|tache|tash
ğŸ¥¹	face holding back tears	admiration|aww|back|cry|embarrassed|face|feelings|grateful|gratitude|holding|joy|please|proud|resist|sad|tears
ğŸ¥º	pleading face	begging|big|eyes|face|mercy|not|pleading|please|pretty|puppy|sad|why
ğŸ¥»	sari	clothing|dress|sari
ğŸ¥¼	lab coat	clothes|coat|doctor|dr|experiment|jacket|lab|scientist|white
ğŸ¥½	goggles	dive|eye|goggles|protection|scuba|swimming|welding
ğŸ¥¾	hiking boot	backpacking|boot|brown|camping|hiking|outdoors|shoe
ğŸ¥¿	flat shoe	ballet|comfy|flat|flats|shoe|slip-on|slipper
ğŸ¦€	crab	Cancer|crab|zodiac
ğŸ¦	lion	alpha|animal|face|Leo|lion|mane|order|rawr|roar|safari|strong|zodiac
ğŸ¦‚	scorpion	Scorpio|scorpion|Scorpius|zodiac
ğŸ¦ƒ	turkey	bird|gobble|thanksgiving|turkey
ğŸ¦„	unicorn	face|unicorn
ğŸ¦…	eagle	animal|bird|eagle|ornithology
ğŸ¦†	duck	animal|bird|duck|ornithology
ğŸ¦‡	bat	animal|bat|vampire
ğŸ¦ˆ	shark	animal|fish|shark
ğŸ¦‰	owl	animal|bird|ornithology|owl|wise
ğŸ¦Š	fox	animal|face|fox
ğŸ¦‹	butterfly	butterfly|insect|pretty
ğŸ¦Œ	deer	animal|deer
ğŸ¦	gorilla	animal|gorilla
ğŸ¦	lizard	animal|lizard|reptile
ğŸ¦	rhinoceros	animal|rhinoceros
ğŸ¦	shrimp	food|shellfish|shrimp|small
ğŸ¦‘	squid	animal|food|mollusk|squid
ğŸ¦’	giraffe	animal|giraffe|spots
ğŸ¦“	zebra	animal|stripe|zebra
ğŸ¦”	hedgehog	animal|hedgehog|spiny
ğŸ¦•	sauropod	brachiosaurus|brontosaurus|dinosaur|diplodocus|sauropod
ğŸ¦–	T-Rex	dinosaur|Rex|T|T-Rex|Tyrannosaurus
ğŸ¦—	cricket	animal|bug|cricket|grasshopper|insect|Orthoptera
ğŸ¦˜	kangaroo	animal|joey|jump|kangaroo|marsupial
ğŸ¦™	llama	alpaca|animal|guanaco|llama|vicuÃ±a|wool
ğŸ¦š	peacock	animal|bird|colorful|ornithology|ostentatious|peacock|peahen|pretty|proud
ğŸ¦›	hippopotamus	animal|hippo|hippopotamus
ğŸ¦œ	parrot	animal|bird|ornithology|parrot|pirate|talk
ğŸ¦	raccoon	animal|curious|raccoon|sly
ğŸ¦	lobster	animal|bisque|claws|lobster|seafood
ğŸ¦Ÿ	mosquito	bite|disease|fever|insect|malaria|mosquito|pest|virus
ğŸ¦ 	microbe	amoeba|bacteria|microbe|science|virus
ğŸ¦¡	badger	animal|badger|honey|pester
ğŸ¦¢	swan	animal|bird|cygnet|duckling|ornithology|swan|ugly
ğŸ¦£	mammoth	animal|extinction|large|mammoth|tusk|wooly
ğŸ¦¤	dodo	animal|bird|dodo|extinction|large|ornithology
ğŸ¦¥	sloth	lazy|sloth|slow
ğŸ¦¦	otter	animal|fishing|otter|playful
ğŸ¦§	orangutan	animal|ape|monkey|orangutan
ğŸ¦¨	skunk	animal|skunk|stink
ğŸ¦©	flamingo	animal|bird|flamboyant|flamingo|ornithology|tropical
ğŸ¦ª	oyster	diving|oyster|pearl
ğŸ¦«	beaver	animal|beaver|dam|teeth
ğŸ¦¬	bison	animal|bison|buffalo|herd|wisent
ğŸ¦­	seal	animal|lion|ocean|sea|seal
ğŸ¦®	guide dog	accessibility|animal|blind|dog|guide
ğŸ¦¯	white cane	accessibility|blind|cane|probing|white
ğŸ¦´	bone	bone|bones|dog|skeleton|wishbone
ğŸ¦µ	leg	bent|foot|kick|knee|leg|limb
ğŸ¦¶	foot	ankle|feet|foot|kick|stomp
ğŸ¦·	tooth	dentist|pearly|teeth|tooth|white
ğŸ¦¸	superhero	good|hero|superhero|superpower
ğŸ¦¹	supervillain	bad|criminal|evil|superpower|supervillain|villain
ğŸ¦º	safety vest	emergency|safety|vest
ğŸ¦»	ear with hearing aid	accessibility|aid|ear|hard|hearing
ğŸ¦¼	motorized wheelchair	accessibility|motorized|wheelchair
ğŸ¦½	manual wheelchair	accessibility|manual|wheelchair
ğŸ¦¾	mechanical arm	accessibility|arm|mechanical|prosthetic
ğŸ¦¿	mechanical leg	accessibility|leg|mechanical|prosthetic
ğŸ§€	cheese wedge	cheese|wedge
ğŸ§	cupcake	bakery|cupcake|dessert|sprinkles|sugar|sweet|treat
ğŸ§‚	salt	condiment|flavor|mad|salt|salty|shaker|taste|upset
ğŸ§ƒ	beverage box	beverage|box|juice|straw|sweet
ğŸ§„	garlic	flavoring|garlic
ğŸ§…	onion	flavoring|onion
ğŸ§†	falafel	chickpea|falafel|meatball
ğŸ§‡	waffle	breakfast|indecisive|iron|waffle
ğŸ§ˆ	butter	butter|dairy
ğŸ§‰	mate	drink|mate
ğŸ§Š	ice	cold|cube|ice|iceberg
ğŸ§‹	bubble tea	boba|bubble|food|milk|pearl|tea
ğŸ§Œ	troll	fairy|fantasy|monster|tale|troll|trolling
ğŸ§	person standing	person|stand|standing
ğŸ§	person kneeling	kneel|kneeling|knees|person
ğŸ§	deaf person	accessibility|deaf|ear|gesture|hear|person
ğŸ§	face with monocle	classy|face|fancy|monocle|rich|stuffy|wealthy
ğŸ§‘	person	adult|person
ğŸ§‘â€ğŸŒ¾	farmer	farmer|gardener|rancher
ğŸ§‘â€ğŸ³	cook	chef|cook
ğŸ§‘â€ğŸ¼	person feeding baby	baby|feed|feeding|nanny|newborn|nursing|parent
ğŸ§‘â€ğŸ„	Mx Claus	celebration|Christmas|claus|fairy|fantasy|holiday|merry|Mx|santa|tale|xmas
ğŸ§‘â€ğŸ“	student	graduate|student
ğŸ§‘â€ğŸ¤	singer	actor|entertainer|rock|rockstar|singer|star
ğŸ§‘â€ğŸ¨	artist	artist|palette
ğŸ§‘â€ğŸ«	teacher	instructor|lecturer|professor|teacher
ğŸ§‘â€ğŸ­	factory worker	assembly|factory|industrial|worker
ğŸ§‘â€ğŸ’»	technologist	coder|computer|developer|inventor|software|technologist
ğŸ§‘â€ğŸ’¼	office worker	architect|business|manager|office|white-collar|worker
ğŸ§‘â€ğŸ”§	mechanic	electrician|mechanic|plumber|tradesperson
ğŸ§‘â€ğŸ”¬	scientist	biologist|chemist|engineer|mathematician|physicist|scientist
ğŸ§‘â€ğŸš€	astronaut	astronaut|rocket|space
ğŸ§‘â€ğŸš’	firefighter	fire|firefighter|firetruck
ğŸ§‘â€ğŸ¤â€ğŸ§‘	people holding hands	bae|bestie|bff|couple|dating|flirt|friends|hand|hold|people|twins
ğŸ§‘â€ğŸ¦¯	person with white cane	accessibility|blind|cane|person|probing|white
ğŸ§‘â€ğŸ¦¼	person in motorized wheelchair	accessibility|motorized|person|wheelchair
ğŸ§‘â€ğŸ¦½	person in manual wheelchair	accessibility|manual|person|wheelchair
ğŸ§‘â€ğŸ§‘â€ğŸ§’	family: adult, adult, child	adult|child|family
ğŸ§‘â€ğŸ§‘â€ğŸ§’â€ğŸ§’	family: adult, adult, child, child	adult|child|family
ğŸ§‘â€ğŸ§’	family: adult, child	adult|child|family
ğŸ§‘â€ğŸ§’â€ğŸ§’	family: adult, child, child	adult|child|family
ğŸ§’	child	bright-eyed|child|grandchild|kid|young|younger
ğŸ§“	older person	adult|elderly|grandparent|old|person|wise
ğŸ§”	person: beard	beard|bearded|person|whiskers
ğŸ§•	woman with headscarf	bandana|head|headscarf|hijab|kerchief|mantilla|tichel|woman
ğŸ§–	person in steamy room	day|luxurious|pamper|person|relax|room|sauna|spa|steam|steambath|unwind
ğŸ§—	person climbing	climb|climber|climbing|mountain|person|rock|scale|up
ğŸ§˜	person in lotus position	cross|legged|legs|lotus|meditation|peace|person|position|relax|serenity|yoga|yogi|zen
ğŸ§™	mage	fantasy|mage|magic|play|sorcerer|sorceress|sorcery|spell|summon|witch|wizard
ğŸ§š	fairy	fairy|fairytale|fantasy|myth|person|pixie|tale|wings
ğŸ§›	vampire	blood|Dracula|fangs|halloween|scary|supernatural|teeth|undead|vampire
ğŸ§œ	merperson	creature|fairytale|folklore|merperson|ocean|sea|siren|trident
ğŸ§	elf	elf|elves|enchantment|fantasy|folklore|magic|magical|myth
ğŸ§	genie	djinn|fantasy|genie|jinn|lamp|myth|rub|wishes
ğŸ§Ÿ	zombie	apocalypse|dead|halloween|horror|scary|undead|walking|zombie
ğŸ§ 	brain	brain|intelligent|smart
ğŸ§¡	orange heart	143|heart|orange
ğŸ§¢	billed cap	baseball|bent|billed|cap|dad|hat
ğŸ§£	scarf	bundle|cold|neck|scarf|up
ğŸ§¤	gloves	gloves|hand
ğŸ§¥	coat	brr|bundle|coat|cold|jacket|up
ğŸ§¦	socks	socks|stocking
ğŸ§§	red envelope	envelope|gift|good|hÃ³ngbÄo|lai|luck|money|red|see
ğŸ§¨	firecracker	dynamite|explosive|fire|firecracker|fireworks|light|pop|popping|spark
ğŸ§©	puzzle piece	clue|interlocking|jigsaw|piece|puzzle
ğŸ§ª	test tube	chemist|chemistry|experiment|lab|science|test|tube
ğŸ§«	petri dish	bacteria|biologist|biology|culture|dish|lab|petri
ğŸ§¬	dna	biologist|dna|evolution|gene|genetics|life
ğŸ§­	compass	compass|direction|magnetic|navigation|orienteering
ğŸ§®	abacus	abacus|calculation|calculator
ğŸ§¯	fire extinguisher	extinguish|extinguisher|fire|quench
ğŸ§°	toolbox	box|chest|mechanic|red|tool|toolbox
ğŸ§±	brick	brick|bricks|clay|mortar|wall
ğŸ§²	magnet	attraction|horseshoe|magnet|magnetic|negative|positive|shape|u
ğŸ§³	luggage	bag|luggage|packing|roller|suitcase|travel
ğŸ§´	lotion bottle	bottle|lotion|moisturizer|shampoo|sunscreen
ğŸ§µ	thread	needle|sewing|spool|string|thread
ğŸ§¶	yarn	ball|crochet|knit|yarn
ğŸ§·	safety pin	diaper|pin|punk|rock|safety
ğŸ§¸	teddy bear	bear|plaything|plush|stuffed|teddy|toy
ğŸ§¹	broom	broom|cleaning|sweeping|witch
ğŸ§º	basket	basket|farming|laundry|picnic
ğŸ§»	roll of paper	paper|roll|toilet|towels
ğŸ§¼	soap	bar|bathing|clean|cleaning|lather|soap|soapdish
ğŸ§½	sponge	absorbing|cleaning|porous|soak|sponge
ğŸ§¾	receipt	accounting|bookkeeping|evidence|invoice|proof|receipt
ğŸ§¿	nazar amulet	amulet|bead|blue|charm|evil-eye|nazar|talisman
ğŸ©°	ballet shoes	ballet|dance|shoes
ğŸ©±	one-piece swimsuit	bathing|one-piece|suit|swimsuit
ğŸ©²	briefs	bathing|briefs|one-piece|suit|swimsuit|underwear
ğŸ©³	shorts	bathing|pants|shorts|suit|swimsuit|underwear
ğŸ©´	thong sandal	beach|flip|flop|sandal|sandals|shoe|thong|thongs|zÅri
ğŸ©µ	light blue heart	143|blue|cute|cyan|emotion|heart|ily|light|like|love|sky|special|teal
ğŸ©¶	grey heart	143|emotion|gray|grey|heart|ily|love|silver|slate|special
ğŸ©·	pink heart	143|adorable|cute|emotion|heart|ily|like|love|pink|special|sweet
ğŸ©¸	drop of blood	bleed|blood|donation|drop|injury|medicine|menstruation
ğŸ©¹	adhesive bandage	adhesive|bandage
ğŸ©º	stethoscope	doctor|heart|medicine|stethoscope
ğŸ©»	x-ray	bones|doctor|medical|skeleton|skull|x-ray|xray
ğŸ©¼	crutch	aid|cane|crutch|disability|help|hurt|injured|mobility|stick
ğŸª€	yo-yo	fluctuate|toy|yo-yo
ğŸª	kite	fly|kite|soar
ğŸª‚	parachute	hang-glide|parachute|parasail|skydive
ğŸªƒ	boomerang	boomerang|rebound|repercussion|weapon
ğŸª„	magic wand	magic|magician|wand|witch|wizard
ğŸª…	piÃ±ata	candy|celebrate|celebration|cinco|de|festive|mayo|party|pinada|pinata|piÃ±ata
ğŸª†	nesting dolls	babooshka|baboushka|babushka|doll|dolls|matryoshka|nesting|russia
ğŸª‡	maracas	cha|dance|instrument|maracas|music|party|percussion|rattle|shake|shaker
ğŸªˆ	flute	band|fife|flautist|flute|instrument|marching|music|orchestra|piccolo|pipe|recorder|woodwind
ğŸª‰	harp	cupid|harp|instrument|love|music|orchestra
ğŸª	shovel	bury|dig|garden|hole|plant|scoop|shovel|snow|spade
ğŸª	ringed planet	planet|ringed|saturn|saturnine
ğŸª‘	chair	chair|seat|sit
ğŸª’	razor	razor|sharp|shave
ğŸª“	axe	ax|axe|chop|hatchet|split|wood
ğŸª”	diya lamp	diya|lamp|light|oil
ğŸª•	banjo	banjo|music|stringed
ğŸª–	military helmet	army|helmet|military|soldier|war|warrior
ğŸª—	accordion	accordion|box|concertina|instrument|music|squeeze|squeezebox
ğŸª˜	long drum	beat|conga|drum|instrument|long|rhythm
ğŸª™	coin	coin|dollar|euro|gold|metal|money|rich|silver|treasure
ğŸªš	carpentry saw	carpenter|carpentry|cut|lumber|saw|tool|trim
ğŸª›	screwdriver	flathead|handy|screw|screwdriver|tool
ğŸªœ	ladder	climb|ladder|rung|step
ğŸª	hook	catch|crook|curve|ensnare|hook|point|selling
ğŸª	mirror	makeup|mirror|reflection|reflector|speculum
ğŸªŸ	window	air|frame|fresh|opening|transparent|view|window
ğŸª 	plunger	cup|force|plumber|plunger|poop|suction|toilet
ğŸª¡	sewing needle	embroidery|needle|sew|sewing|stitches|sutures|tailoring|thread
ğŸª¢	knot	cord|knot|rope|tangled|tie|twine|twist
ğŸª£	bucket	bucket|cask|pail|vat
ğŸª¤	mouse trap	bait|cheese|lure|mouse|mousetrap|snare|trap
ğŸª¥	toothbrush	bathroom|brush|clean|dental|hygiene|teeth|toiletry|toothbrush
ğŸª¦	headstone	cemetery|dead|grave|graveyard|headstone|memorial|rip|tomb|tombstone
ğŸª§	placard	card|demonstration|notice|picket|placard|plaque|protest|sign
ğŸª¨	rock	boulder|heavy|rock|solid|stone|tough
ğŸª©	mirror ball	ball|dance|disco|glitter|mirror|party
ğŸªª	identification card	card|credentials|document|ID|identification|license|security
ğŸª«	low battery	battery|drained|electronic|energy|low|power
ğŸª¬	hamsa	amulet|Fatima|fortune|guide|hamsa|hand|Mary|Miriam|palm|protect|protection
ğŸª­	folding hand fan	clack|clap|cool|cooling|dance|fan|flirt|flutter|folding|hand|hot|shy
ğŸª®	hair pick	Afro|comb|groom|hair|pick
ğŸª¯	khanda	Deg|Fateh|Khalsa|Khanda|religion|Sikh|Sikhism|Tegh
ğŸª°	fly	animal|disease|fly|insect|maggot|pest|rotting
ğŸª±	worm	animal|annelid|earthworm|parasite|worm
ğŸª²	beetle	animal|beetle|bug|insect
ğŸª³	cockroach	animal|cockroach|insect|pest|roach
ğŸª´	potted plant	decor|grow|house|nurturing|plant|pot|potted
ğŸªµ	wood	log|lumber|timber|wood
ğŸª¶	feather	bird|feather|flight|light|plumage
ğŸª·	lotus	beauty|Buddhism|calm|flower|Hinduism|lotus|peace|purity|serenity
ğŸª¸	coral	change|climate|coral|ocean|reef|sea
ğŸª¹	empty nest	branch|empty|home|nest|nesting
ğŸªº	nest with eggs	bird|branch|egg|eggs|nest|nesting
ğŸª»	hyacinth	bloom|bluebonnet|flower|hyacinth|indigo|lavender|lilac|lupine|plant|purple|shrub|snapdragon|spring|violet
ğŸª¼	jellyfish	animal|aquarium|burn|invertebrate|jelly|jellyfish|life|marine|ocean|ouch|plankton|sea|sting|stinger|tentacles
ğŸª½	wing	angelic|ascend|aviation|bird|fly|flying|heavenly|mythology|soar|wing
ğŸª¾	leafless tree	bare|barren|branches|dead|drought|leafless|tree|trunk|winter|wood
ğŸª¿	goose	animal|bird|duck|flock|fowl|gaggle|gander|geese|goose|honk|ornithology|silly
ğŸ«€	anatomical heart	anatomical|beat|cardiology|heart|heartbeat|organ|pulse|real|red
ğŸ«	lungs	breath|breathe|exhalation|inhalation|lung|lungs|organ|respiration
ğŸ«‚	people hugging	comfort|embrace|farewell|friendship|goodbye|hello|hug|hugging|love|people|thanks
ğŸ«ƒ	pregnant man	belly|bloated|full|man|overeat|pregnant
ğŸ«„	pregnant person	belly|bloated|full|overeat|person|pregnant|stuffed
ğŸ«…	person with crown	crown|monarch|noble|person|regal|royal|royalty
ğŸ«†	fingerprint	clue|crime|detective|fingerprint|forensics|identity|mystery|print|safety|trace
ğŸ«	moose	alces|animal|antlers|elk|mammal|moose
ğŸ«	donkey	animal|ass|burro|donkey|hinny|mammal|mule|stubborn
ğŸ«	blueberries	berries|berry|bilberry|blue|blueberries|blueberry|food|fruit
ğŸ«‘	bell pepper	bell|capsicum|food|pepper|vegetable
ğŸ«’	olive	food|olive
ğŸ«“	flatbread	arepa|bread|flatbread|food|gordita|lavash|naan|pita
ğŸ«”	tamale	food|mexican|pamonha|tamale|wrapped
ğŸ«•	fondue	cheese|chocolate|fondue|food|melted|pot|ski
ğŸ«–	teapot	brew|drink|food|pot|tea|teapot
ğŸ«—	pouring liquid	accident|drink|empty|glass|liquid|oops|pour|pouring|spill|water
ğŸ«˜	beans	beans|food|kidney|legume|small
ğŸ«™	jar	condiment|container|empty|jar|nothing|sauce|store
ğŸ«š	ginger root	beer|ginger|health|herb|natural|root|spice
ğŸ«›	pea pod	beans|beanstalk|edamame|legume|pea|pod|soybean|vegetable|veggie
ğŸ«œ	root vegetable	beet|food|garden|radish|root|salad|turnip|vegetable|vegetarian
ğŸ«Ÿ	splatter	drip|holi|ink|liquid|mess|paint|spill|splatter|stain
ğŸ« 	melting face	disappear|dissolve|embarrassed|face|haha|heat|hot|liquid|lol|melt|melting|sarcasm|sarcastic
ğŸ«¡	saluting face	face|good|luck|maâ€™am|OK|respect|salute|saluting|sir|troops|yes
ğŸ«¢	face with open eyes and hand over mouth	amazement|awe|disbelief|embarrass|eyes|face|gasp|hand|mouth|omg|open|over|quiet|scared|shock|surprise
ğŸ«£	face with peeking eye	captivated|embarrass|eye|face|hide|hiding|peek|peeking|peep|scared|shy|stare
ğŸ«¤	face with diagonal mouth	confused|confusion|diagonal|disappointed|doubt|doubtful|face|frustrated|frustration|meh|mouth|skeptical|unsure|whatever|wtv
ğŸ«¥	dotted line face	depressed|disappear|dotted|face|hidden|hide|introvert|invisible|line|meh|whatever|wtv
ğŸ«¦	biting lip	anxious|bite|biting|fear|flirt|flirting|kiss|lip|lipstick|nervous|sexy|uncomfortable|worried|worry
ğŸ«§	bubbles	bubble|bubbles|burp|clean|floating|pearl|soap|underwater
ğŸ«¨	shaking face	crazy|daze|earthquake|face|omg|panic|shaking|shock|surprise|vibrate|whoa|wow
ğŸ«©	face with bags under eyes	bags|bored|exhausted|eyes|face|fatigued|late|sleepy|tired|weary
ğŸ«°	hand with index finger and thumb crossed	<3|crossed|expensive|finger|hand|heart|index|love|money|snap|thumb
ğŸ«±	rightwards hand	hand|handshake|hold|reach|right|rightward|rightwards|shake
ğŸ«²	leftwards hand	hand|handshake|hold|left|leftward|leftwards|reach|shake
ğŸ«³	palm down hand	dismiss|down|drop|dropped|hand|palm|pick|shoo|up
ğŸ«´	palm up hand	beckon|catch|come|hand|hold|know|lift|me|offer|palm|tell
ğŸ«µ	index pointing at the viewer	at|finger|hand|index|pointing|poke|viewer|you
ğŸ«¶	heart hands	<3|hands|heart|love|you
ğŸ«·	leftwards pushing hand	block|five|halt|hand|high|hold|leftward|leftwards|pause|push|pushing|refuse|slap|stop|wait
ğŸ«¸	rightwards pushing hand	block|five|halt|hand|high|hold|pause|push|pushing|refuse|rightward|rightwards|slap|stop|wait
