âŒš	reloj	reloj
âŒ›	reloj de arena sin tiempo	arena|reloj|reloj de arena sin tiempo|temporizador
â©	avance rÃ¡pido	avance rÃ¡pido|avanzar|doble|flecha
âª	retroceso rÃ¡pido	flecha|flecha doble a la izquierda|izquierda|rebobinado|rebobinar|retroceso rÃ¡pido
â«	triÃ¡ngulo doble hacia arriba	arriba|flecha|triÃ¡ngulo doble hacia arriba
â¬	triÃ¡ngulo doble hacia abajo	triÃ¡ngulo|triÃ¡ngulo doble abajo|triÃ¡ngulo doble hacia abajo
â°	reloj despertador	alarma|despertador|reloj
â³	reloj de arena con tiempo	reloj con arena cayendo|reloj de arena con tiempo|temporizador
â—½	cuadrado blanco mediano-pequeÃ±o	blanco|cuadrado|cuadrado blanco mediano-pequeÃ±o|geometrÃ­a
â—¾	cuadrado negro mediano-pequeÃ±o	cuadrado|cuadrado negro mediano-pequeÃ±o|geometrÃ­a|negro
â˜”	paraguas con gotas de lluvia	gotas|lluvia|paraguas|paraguas con gotas de lluvia
â˜•	bebida caliente	bebida|cafÃ©|caliente|tÃ©
â™ˆ	Aries	Aries|carnero|horÃ³scopo|zodiaco
â™‰	Tauro	buey|horÃ³scopo|Tauro|toro|zodiaco
â™Š	GÃ©minis	gemelos|GÃ©minis|horÃ³scopo|zodiaco
â™‹	CÃ¡ncer	CÃ¡ncer|cangrejo|horÃ³scopo|zodiaco
â™Œ	Leo	horÃ³scopo|Leo|leÃ³n|zodiaco
â™	Virgo	horÃ³scopo|Virgo|zodiaco
â™	Libra	balanza|escala|horÃ³scopo|justicia|Libra|zodiaco
â™	Escorpio	Escorpio|escorpiÃ³n|horÃ³scopo|zodiaco
â™	Sagitario	arquero|horÃ³scopo|Sagitario|zodiaco
â™‘	Capricornio	cabra|Capricornio|horÃ³scopo|zodiaco
â™’	Acuario	Acuario|agua|horÃ³scopo|zodiaco
â™“	Piscis	horÃ³scopo|pescado|pez|Piscis|zodiaco
â™¿	sÃ­mbolo de silla de ruedas	acceso|seÃ±al|silla|silla de ruedas|sÃ­mbolo|sÃ­mbolo de silla de ruedas
âš“	ancla	ancla|barco|gancho
âš¡	alto voltaje	alto voltaje|electricidad|peligro|peligro de alto voltaje|seÃ±al de alto voltaje|voltaje
âšª	cÃ­rculo blanco	cÃ­rculo|cÃ­rculo blanco|geometrÃ­a
âš«	cÃ­rculo negro	cÃ­rculo|cÃ­rculo negro|geometrÃ­a
âš½	balÃ³n de fÃºtbol	balÃ³n|balÃ³n de fÃºtbol|fÃºtbol
âš¾	bÃ©isbol	balÃ³n|baseball|bÃ©isbol|pelota
â›„	muÃ±eco de nieve	muÃ±eco de nieve|muÃ±eco de nieve sin nieve|nieve
â›…	sol detrÃ¡s de una nube	nube|sol|sol con nubes|sol detrÃ¡s de una nube
â›	Ofiuco	horÃ³scopo|Ofiuco|portador|serpiente|zodiaco
â›”	direcciÃ³n prohibida	direcciÃ³n prohibida|no|prohibido|seÃ±al|seÃ±al de direcciÃ³n prohibida
â›ª	iglesia	cristianismo|cruz|edificio|iglesia|religiÃ³n
â›²	fuente	fuente
â›³	banderÃ­n en hoyo	banderÃ­n|banderÃ­n en hoyo|golf|hoyo
â›µ	velero	barco|barco de vela|velero|yate
â›º	tienda de campaÃ±a	campaÃ±a|camping|tienda|tienda de campaÃ±a|vacaciones
â›½	surtidor de gasolina	bomba de gasolina|combustible|gasolina|surtidor|surtidor de gasolina
âœ…	botÃ³n de marca de verificaciÃ³n	âœ“|botÃ³n|botÃ³n de marca de verificaciÃ³n|marca|selecciÃ³n|verificaciÃ³n
âœŠ	puÃ±o en alto	cerrado|mano|puÃ±etazo|puÃ±o|puÃ±o en alto
âœ‹	mano levantada	choca esos cinco|levantada|mano
âœ¨	chispas	*|bengala|chispas|estrellas
âŒ	marca de cruz	Ã—|cancelar|cruz|marca de cruz|marca de tachado|tachar|x
â	botÃ³n con marca de cruz	Ã—|botÃ³n con marca de cruz|casilla|cruz|marca|x
â“	interrogaciÃ³n roja	?|interrogaciÃ³n|interrogaciÃ³n roja|pregunta|puntuaciÃ³n|signo de interrogaciÃ³n
â”	interrogaciÃ³n blanca	?|interrogaciÃ³n|interrogaciÃ³n blanca|pregunta|puntuaciÃ³n
â•	exclamaciÃ³n blanca	!|exclamaciÃ³n|exclamaciÃ³n blanca|puntuaciÃ³n
â—	exclamaciÃ³n roja	!|exclamaciÃ³n|exclamaciÃ³n roja|puntuaciÃ³n|signo de exclamaciÃ³n
â•	mÃ¡s	+|mÃ¡s|signo|suma
â–	menos	-|âˆ’|menos|resta|signo
â—	divisiÃ³n	Ã·|divisiÃ³n|signo|signo de divisiÃ³n
â°	bucle	bucle|giro|tirabuzÃ³n
â¿	bucle doble	bucle|doble
â¬›	cuadrado negro grande	cuadrado|cuadrado negro grande|geometrÃ­a|negro
â¬œ	cuadrado blanco grande	blanco|cuadrado|cuadrado blanco grande|geometrÃ­a
â­	estrella	estelar|estrella
â­•	cÃ­rculo rojo hueco	aro|cÃ­rculo|cÃ­rculo rojo hueco|o|rojo
ğŸ€„	dragÃ³n rojo de mahjong	dragÃ³n rojo|dragÃ³n rojo de mahjong|juego|mahjong
ğŸƒ	comodÃ­n	comodÃ­n|joker
ğŸ†	grupo sanguÃ­neo AB	AB|grupo|sanguÃ­neo|tipo AB
ğŸ†‘	borrar	borrar|sÃ­mbolo
ğŸ†’	botÃ³n COOL	botÃ³n|cool|mola
ğŸ†“	botÃ³n FREE	botÃ³n FREE|gratis|sÃ­mbolo gratis
ğŸ†”	sÃ­mbolo de identificaciÃ³n	ID|identidad|sÃ­mbolo de identificaciÃ³n|sÃ­mbolo identidad
ğŸ†•	botÃ³n NEW	botÃ³n|NEW|nuevo
ğŸ†–	botÃ³n NG	botÃ³n|ng|nuevo
ğŸ†—	botÃ³n OK	botÃ³n|ok
ğŸ†˜	sÃ­mbolo de socorro	ayuda|sÃ­mbolo|sÃ­mbolo de socorro|socorro|sos
ğŸ†™	botÃ³n UP!	arriba|botÃ³n UP!|informaciÃ³n|novedad|sÃ­mbolo|up
ğŸ†š	botÃ³n VS	botÃ³n VS|contra|frente a|sÃ­mbolo|versus|vs
ğŸˆ	ideograma japonÃ©s para "aquÃ­"	â€œaquÃ­â€|ideograma japonÃ©s para "aquÃ­"|japonÃ©s|katakana
ğŸˆš	ideograma japonÃ©s para "gratis"	gratis|ideograma|ideograma japonÃ©s para "gratis"|japonÃ©s|kanji
ğŸˆ¯	ideograma japonÃ©s para "reservado"	ideograma|ideograma japonÃ©s para "reservado"|japonÃ©s|kanji|reservado
ğŸˆ²	ideograma japonÃ©s para "prohibido"	ideograma|ideograma japonÃ©s para "prohibido"|japonÃ©s|kanji|prohibido
ğŸˆ³	ideograma japonÃ©s para "vacante"	ideograma|ideograma japonÃ©s para "vacante"|japonÃ©s|kanji|vacante
ğŸˆ´	ideograma japonÃ©s para "aprobado"	aprobado|ideograma|ideograma japonÃ©s para "aprobado"|japonÃ©s|kanji
ğŸˆµ	ideograma japonÃ©s para "completo"	completo|ideograma|ideograma japonÃ©s para "completo"|japonÃ©s|kanji|lleno
ğŸˆ¶	ideograma japonÃ©s para "de pago"	â€œde pagoâ€|ideograma|ideograma japonÃ©s para "de pago"|japonÃ©s|kanji
ğŸˆ¸	ideograma japonÃ©s para "aplicaciÃ³n"	aplicaciÃ³n|ideograma|ideograma japonÃ©s para "aplicaciÃ³n"|japonÃ©s|kanji
ğŸˆ¹	ideograma japonÃ©s para "descuento"	descuento|ideograma|ideograma japonÃ©s para "descuento"|japonÃ©s|kanji
ğŸˆº	ideograma japonÃ©s para "abierto"	abierto|ideograma|ideograma japonÃ©s para "abierto"|japonÃ©s|kanji
ğŸ‰	ideograma japonÃ©s para "ganga"	ganga|ideograma|ideograma japonÃ©s para "ganga"|japonÃ©s|kanji
ğŸ‰‘	ideograma japonÃ©s para "aceptable"	aceptable|ideograma|ideograma japonÃ©s para "aceptable"|japonÃ©s|kanji
ğŸŒ€	ciclÃ³n	ciclÃ³n|mareo|tifÃ³n|tornado
ğŸŒ	bruma	bruma|niebla
ğŸŒ‚	paraguas cerrado	accesorios|lluvia|paraguas|paraguas cerrado
ğŸŒƒ	noche estrellada	estrellas|noche|noche estrellada
ğŸŒ„	amanecer sobre montaÃ±as	amanecer|amanecer sobre montaÃ±as|montaÃ±a|salida|sol
ğŸŒ…	amanecer	amanecer|salida del sol
ğŸŒ†	ciudad al atardecer	atardecer|ciudad|ciudad al atardecer|edificios|paisaje
ğŸŒ‡	puesta del sol	edificios|puesta del sol
ğŸŒˆ	arcoÃ­ris	arcoÃ­ris|colores|lluvia
ğŸŒ‰	puente de noche	noche|puente|puente de noche
ğŸŒŠ	ola de mar	mar|ocÃ©ano|ola|ola de mar
ğŸŒ‹	volcÃ¡n	erupciÃ³n|erupciÃ³n volcÃ¡nica|volcÃ¡n
ğŸŒŒ	VÃ­a LÃ¡ctea	espacio|galaxia|lÃ¡ctea|vÃ­a
ğŸŒ	globo terrÃ¡queo mostrando Europa y Ãfrica	Ãfrica|Europa|globo terrÃ¡queo mostrando Europa y Ãfrica|mundo|planeta|Tierra
ğŸŒ	globo terrÃ¡queo mostrando AmÃ©rica	AmÃ©rica|globo|globo terrÃ¡queo mostrando AmÃ©rica|mundo|planeta|Tierra
ğŸŒ	globo terrÃ¡queo mostrando Asia y Australia	Asia|Australia|globo terrÃ¡queo mostrando Asia y Australia|mundo|planeta|Tierra
ğŸŒ	globo terrÃ¡queo con meridianos	globo|globo terrÃ¡queo con meridianos|meridianos|mundo|Tierra
ğŸŒ‘	luna nueva	luna|luna nueva|oscuridad
ğŸŒ’	luna creciente	creciente|cuarto|espacio|luna
ğŸŒ“	luna en cuarto creciente	creciente|cuarto|espacio|luna|luna en cuarto creciente
ğŸŒ”	luna gibosa creciente	creciente|gibosa|luna
ğŸŒ•	luna llena	llena|luna|plenilunio
ğŸŒ–	luna gibosa menguante	gibosa|luna|menguante
ğŸŒ—	luna en cuarto menguante	cuarto|luna|luna en cuarto menguante|menguante
ğŸŒ˜	luna menguante	luna|menguante
ğŸŒ™	luna	creciente|espacio|luna
ğŸŒš	luna nueva con cara	cara|espacio|luna|luna nueva con cara
ğŸŒ›	luna de cuarto creciente con cara	cara|creciente|cuarto|espacio|luna|luna de cuarto creciente con cara
ğŸŒœ	luna de cuarto menguante con cara	cara|creciente|cuarto|espacio|luna|luna de cuarto menguante con cara
ğŸŒ	luna llena con cara	cara|llena|luna|luna llena con cara
ğŸŒ	sol con cara	brillante|cara|sol|sol con cara
ğŸŒŸ	estrella brillante	brillante|estrella|resplandeciente
ğŸŒ 	estrella fugaz	estrella|estrella fugaz|lluvia
ğŸŒ­	perrito caliente	perrito|perrito caliente|salchicha
ğŸŒ®	taco	comida|mexicano|taco
ğŸŒ¯	burrito	burrito|comida|mexicano|tex mex|wrap
ğŸŒ°	castaÃ±a	castaÃ±a|castaÃ±o|fruto seco
ğŸŒ±	planta joven	planta joven|plantÃ³n
ğŸŒ²	Ã¡rbol de hoja perenne	Ã¡rbol|Ã¡rbol de hoja perenne|hoja perenne|perenne
ğŸŒ³	Ã¡rbol de hoja caduca	Ã¡rbol|Ã¡rbol de hoja caduca|caducifolio|hoja caduca
ğŸŒ´	palmera	Ã¡rbol|Ã¡rbol de palma|palmera
ğŸŒµ	cactus	cactus|planta
ğŸŒ·	tulipÃ¡n	flor|tulipÃ¡n
ğŸŒ¸	flor de cerezo	cerezo|flor|flor de cerezo
ğŸŒ¹	rosa	flor|rosa
ğŸŒº	flor de hibisco	flor|flor de hibisco|hibisco
ğŸŒ»	girasol	flor|girasol|sol
ğŸŒ¼	flor	flor
ğŸŒ½	espiga de maÃ­z	espiga|espiga de maÃ­z|maÃ­z|mazorca|mijo
ğŸŒ¾	espiga de arroz	arroz|espiga|espiga de arroz|planta
ğŸŒ¿	hierba	hierba|hoja|verde
ğŸ€	trÃ©bol de cuatro hojas	suerte|trÃ©bol|trÃ©bol de cuatro hojas
ğŸ	hoja de arce	arce|hoja|hoja de arce
ğŸ‚	hojas caÃ­das	caÃ­da|hojas|hojas caÃ­das
ğŸƒ	hojas revoloteando al viento	hoja|hojas revoloteando al viento|revolotear|soplar|viento
ğŸ„	champiÃ±Ã³n	champiÃ±Ã³n|hongo|seta
ğŸ„â€ğŸŸ«	champiÃ±Ã³n marrÃ³n	champiÃ±Ã³n marrÃ³n|comida|hongo|naturaleza|seta|vegetal
ğŸ…	tomate	ensalada|fruta|tomate|verdura
ğŸ†	berenjena	berenjena|fruto|verdura
ğŸ‡	uvas	agracejo|fruta|racimo|uva|uvas
ğŸˆ	melÃ³n	fruta|melÃ³n
ğŸ‰	sandÃ­a	fruta|sandÃ­a
ğŸŠ	mandarina	fruta|mandarina|naranja
ğŸ‹	limÃ³n	cÃ­trico|citrÃ³n|fruta|limÃ³n
ğŸ‹â€ğŸŸ©	lima	cÃ­trico|fruta|lima|tropical
ğŸŒ	plÃ¡tano	banana|fruta|plÃ¡tano
ğŸ	piÃ±a	ananÃ¡s|fruta|piÃ±a
ğŸ	manzana roja	fruta|manzana|poma|roja
ğŸ	manzana verde	fruta|manzana|poma|verde
ğŸ	pera	fruta|pera|perilla
ğŸ‘	melocotÃ³n	durazno|fruta|melocotÃ³n
ğŸ’	cerezas	cereza|cerezas|fruta|guindas
ğŸ“	fresa	fresa|fresÃ³n|fruta
ğŸ”	hamburguesa	burger|hamburguesa
ğŸ•	pizza	pizza|porciÃ³n|restaurante
ğŸ–	carne con hueso	carne|carne con hueso|hueso|restaurante
ğŸ—	muslo de pollo	muslo|muslo de pollo|pollo|restaurante
ğŸ˜	galleta de arroz	arroz|galleta|galleta de arroz
ğŸ™	bola de arroz	arroz|bola de arroz|japonÃ©s|onigiri|restaurante
ğŸš	arroz cocido	arroz|arroz cocido|restaurante
ğŸ›	arroz con curry	arroz|arroz con curry|curry|restaurante
ğŸœ	tazÃ³n de fideos	fideos calientes|fideos chinos|fideos ramen|ramen|tazÃ³n de fideos
ğŸ	espagueti	espagueti|pasta|restaurante
ğŸ	pan de molde	pan|pan de molde|rebanada|tostada
ğŸŸ	patatas fritas	papas fritas|patatas|patatas fritas|restaurante
ğŸ 	patata asada	asada|papa asada|patata|restaurante
ğŸ¡	dango	dango|japonÃ©s|pincho|postre|restaurante
ğŸ¢	brocheta	brocheta|japonÃ©s|marisco|oden|pincho
ğŸ£	sushi	restaurante|sushi
ğŸ¤	gamba frita	frito|gamba|gamba frita|restaurante
ğŸ¥	pastel de pescado japonÃ©s	comida japonesa|pastel|pastel de pescado japonÃ©s|pescado
ğŸ¦	cucurucho de helado	cucurucho|cucurucho de helado|dulce|helado|helado de cucurucho|restaurante
ğŸ§	granizado hawaiano	granizado hawaiano|helado|hielo|postre|raspado
ğŸ¨	helado	helado|postre|sorbete
ğŸ©	dÃ³nut	berlina|dÃ³nut|pastel|rosquilla
ğŸª	galleta	dulce|galleta|pasta|postre
ğŸ«	tableta de chocolate	barra|chocolate|restaurante|tableta|tableta de chocolate
ğŸ¬	caramelo	caramelo|chuche|chucherÃ­a|dulce|golosina
ğŸ­	piruleta	chuche|chucherÃ­a|dulce|golosina|piruleta
ğŸ®	flan	dulce|flan|postre|pudding
ğŸ¯	tarro de miel	dulce|miel|tarro|tarro de miel
ğŸ°	trozo de tarta	pedazo de tarta|restaurante|tarta|trozo de tarta
ğŸ±	caja de bento	bento|caja|caja de bento|comida|restaurante
ğŸ²	olla de comida	comida de olla|olla de comida|puchero|restaurante
ğŸ³	cocinar	cocinar|freÃ­r|huevo|sartÃ©n
ğŸ´	tenedor y cuchillo	cuchillo|restaurante|tenedor|tenedor y cuchillo
ğŸµ	tazÃ³n de tÃ©	bebida|taza|tazÃ³n de tÃ©|tÃ©
ğŸ¶	sake	bar|bebida|botella|restaurante|sake|tazÃ³n
ğŸ·	copa de vino	bar|bebida|copa|copa de vino|vaso|vino
ğŸ¸	copa de cÃ³ctel	bar|cÃ³ctel|copa|copa de cÃ³ctel|restaurante
ğŸ¹	bebida tropical	bar|bebida|restaurante|tropical
ğŸº	jarra de cerveza	bar|cerveza|jarra|jarra de cerveza|restaurante
ğŸ»	jarras de cerveza brindando	bar|cerveza|jarra|jarras|jarras de cerveza brindando|restaurante
ğŸ¼	biberÃ³n	bebÃ©|bibe|biberÃ³n|bibi|botella|leche
ğŸ¾	botella descorchada	bar|beber|botella|botella descorchada|cava|corcho
ğŸ¿	palomitas	maÃ­z|palomitas
ğŸ€	lazo	celebraciÃ³n|lazo
ğŸ	regalo	celebraciÃ³n|envoltorio|presente|regalo|regalo envuelto
ğŸ‚	tarta de cumpleaÃ±os	celebraciÃ³n|cumpleaÃ±os|tarta|tarta de cumpleaÃ±os
ğŸƒ	calabaza de Halloween	calabaza|calabaza de Halloween|celebraciÃ³n|Halloween|linterna
ğŸ„	Ã¡rbol de Navidad	abeto de Navidad|Ã¡rbol|Ã¡rbol de Navidad|celebraciÃ³n|Navidad
ğŸ…	PapÃ¡ Noel	celebraciÃ³n|claus|cuento|fantasÃ­a|feliz|fiestas|Navidad|padre|PapÃ¡ Noel|santa
ğŸ†	fuegos artificiales	celebraciÃ³n|fuegos artificiales
ğŸ‡	bengala	bengala|celebraciÃ³n|fuegos artificiales
ğŸˆ	globo	celebraciÃ³n|globo
ğŸ‰	caÃ±Ã³n de confeti	caÃ±Ã³n de confeti|celebraciÃ³n|confeti|fiesta
ğŸŠ	bola de confeti	bola de confeti|celebraciÃ³n|confeti
ğŸ‹	Ã¡rbol de tanabata	Ã¡rbol|Ã¡rbol de tanabata|celebraciÃ³n|festividad|tanabata
ğŸŒ	banderas cruzadas	banderas|banderas cruzadas|celebraciÃ³n|japÃ³n
ğŸ	decoraciÃ³n de pino	aÃ±o nuevo japonÃ©s|bambÃº|celebraciÃ³n|decoraciÃ³n|decoraciÃ³n de pino|kadomatsu
ğŸ	muÃ±ecas japonesas	celebraciÃ³n|festival|hinamatsuri|muÃ±ecas|muÃ±ecas japonesas
ğŸ	banderÃ­n de carpas	banderÃ­n|banderÃ­n de carpas|carpa|celebraciÃ³n|koinobori
ğŸ	campanilla de viento	campanilla|campanilla de viento|furin|viento
ğŸ‘	ceremonia de contemplaciÃ³n de la luna	celebraciÃ³n|ceremonia de contemplaciÃ³n de la luna|contemplaciÃ³n|luna|tsukimi
ğŸ’	mochila escolar	colegio|mochila|mochila escolar
ğŸ“	birrete	birrete|celebraciÃ³n|gorro|graduaciÃ³n
ğŸ 	caballo de tiovivo	caballo|caballo de tiovivo|entretenimiento|tiovivo
ğŸ¡	noria de feria	atracciones|entretenimiento|feria|noria|noria de feria
ğŸ¢	montaÃ±a rusa	atracciones|entretenimiento|feria|montaÃ±a rusa|parque
ğŸ£	caÃ±a de pescar	caÃ±a|caÃ±a de pescar|entretenimiento|esparcimiento|pesca|pez
ğŸ¤	micrÃ³fono	entretenimiento|karaoke|micro|micrÃ³fono
ğŸ¥	cÃ¡mara de cine	cÃ¡mara|cÃ¡mara de cine|cine|entretenimiento|pelÃ­cula
ğŸ¦	cine	cine|entretenimiento|pelÃ­cula
ğŸ§	auricular	auricular|cascos
ğŸ¨	paleta de pintor	arte|artista|paleta|paleta de pintor|pintura
ğŸ©	sombrero de copa	chistera|copa|ropa|sombrero|sombrero de copa
ğŸª	carpa de circo	carpa|carpa de circo|circo|entretenimiento
ğŸ«	tique	acceso|admisiÃ³n|tique
ğŸ¬	claqueta	cine|claqueta|claqueta de cine|entretenimiento|pelÃ­cula
ğŸ­	mÃ¡scaras de teatro	actuaciÃ³n|arte|artes escÃ©nicas|entretenimiento|mÃ¡scaras de teatro
ğŸ®	mando de videoconsola	juego|mando|mando de videoconsola|videojuego
ğŸ¯	diana	blanco|diana|en el blanco|juego
ğŸ°	mÃ¡quina tragaperras	juego|mÃ¡quina|mÃ¡quina tragaperras
ğŸ±	bola negra de billar	8|billar|bola negra de billar|bola ocho|juego
ğŸ²	dado	dado|juego
ğŸ³	bolos	bola|bola de bolos|bolos|juego
ğŸ´	cartas de flores	carta|cartas de flores|flor|hanafuda|naipe japonÃ©s
ğŸµ	nota musical	mÃºsica|nota|nota musical
ğŸ¶	notas musicales	mÃºsica|notas|notas musicales
ğŸ·	saxofÃ³n	instrumento|instrumento musical|mÃºsica|saxo|saxofÃ³n
ğŸ¸	guitarra	guitarra|instrumento|instrumento musical|mÃºsica
ğŸ¹	teclado musical	instrumento|instrumento musical|mÃºsica|piano|teclado|teclado musical
ğŸº	trompeta	instrumento|instrumento musical|mÃºsica|trompeta
ğŸ»	violÃ­n	instrumento|instrumento musical|mÃºsica|violÃ­n
ğŸ¼	pentagrama	mÃºsica|partitura|pentagrama
ğŸ½	camiseta sin mangas	banda|camiseta con banda|camiseta de correr|camiseta sin mangas|deporte
ğŸ¾	pelota de tenis	deporte|pelota|pelota de tenis|tenis
ğŸ¿	esquÃ­s	esquÃ­|esquÃ­es|esquÃ­s|nieve
ğŸ€	balÃ³n de baloncesto	balÃ³n|balÃ³n de baloncesto|canasta|deporte
ğŸ	bandera de cuadros	bandera|bandera de cuadros|carreras|cuadros|deporte|motor
ğŸ‚	practicante de snowboard	nieve|practicante de snowboard|snowboard
ğŸƒ	persona corriendo	carrera|deporte|maratÃ³n|persona corriendo
ğŸ„	persona haciendo surf	persona haciendo surf|surf|surfear
ğŸ…	medalla deportiva	medalla|medalla deportiva|premio
ğŸ†	trofeo	premio|trofeo
ğŸ‡	carrera de caballos	caballo|caballo de carreras|carrera de caballos|carreras|jinete
ğŸˆ	balÃ³n de fÃºtbol americano	balÃ³n|balÃ³n de fÃºtbol americano|deporte|fÃºtbol americano
ğŸ‰	balÃ³n de rugby	balÃ³n|balÃ³n de rugby|deporte|rugby
ğŸŠ	persona nadando	nadar|nataciÃ³n|persona nadando
ğŸ	crÃ­quet	crÃ­quet|juego|pelota
ğŸ	pelota de voleibol	balÃ³n|juego|pelota|pelota de voleibol|voleibol
ğŸ‘	hockey sobre hierba	hierba|hockey|hockey sobre hierba|juego|palo|pelota
ğŸ’	hockey sobre hielo	disco|hielo|hockey|hockey sobre hielo|palo
ğŸ“	tenis de mesa	juego|mesa|pelota|ping pong|tenis de mesa
ğŸ 	casa	casa|vivienda
ğŸ¡	casa con jardÃ­n	casa|casa con jardÃ­n|construcciÃ³n|jardÃ­n|vivienda
ğŸ¢	edificio de oficinas	construcciÃ³n|edificio|edificio de oficinas|oficinas
ğŸ£	oficina de correos japonesa	correos|edificio|japÃ³n|oficina de correos|oficina de correos japonesa
ğŸ¤	oficina de correos europea	correos|edificio|europa|oficina de correos|oficina de correos europea
ğŸ¥	hospital	doctor|edificio|hospital|medicina|mÃ©dico
ğŸ¦	banco	banca|banco|edificio
ğŸ§	seÃ±al de cajero automÃ¡tico	atm|banco|cajero|seÃ±al de cajero automÃ¡tico
ğŸ¨	hotel	alojamiento|edificio|hotel|turismo
ğŸ©	hotel del amor	amor|edificio|hotel|hotel del amor
ğŸª	tienda 24 horas	edificio|establecimiento|tienda 24 horas|tienda de comestibles
ğŸ«	colegio	colegio|edificio|escuela
ğŸ¬	grandes almacenes	comercio|grandes almacenes
ğŸ­	fÃ¡brica	edificio|fÃ¡brica|industria
ğŸ®	lÃ¡mpara japonesa	izakaya|lÃ¡mpara japonesa|lÃ¡mpara roja|linterna izakaya|linterna japonesa|restaurante
ğŸ¯	castillo japonÃ©s	castillo|castillo japonÃ©s|construcciÃ³n
ğŸ°	castillo europeo	castillo|castillo europeo|construcciÃ³n
ğŸ´	bandera negra	bandera|negra|ondear
ğŸ¸	bÃ¡dminton	bÃ¡dminton|pluma|raqueta|volante
ğŸ¹	arco y flecha	arco|arco y flecha|arquero|flecha|sagitario|zodiaco
ğŸº	Ã¡nfora	acuario|Ã¡nfora|beber|jarra|zodiaco
ğŸ€	rata	rata|roedor
ğŸ	ratÃ³n	ratÃ³n|roedor
ğŸ‚	buey	buey|cabestro|tauro|zodiaco
ğŸƒ	bÃºfalo de agua	agua|bÃºfalo|bÃºfalo de agua
ğŸ„	vaca	bovino|res|vaca
ğŸ…	tigre	felino|tigre
ğŸ†	leopardo	felino|leopardo
ğŸ‡	conejo	conejito|conejo|gazapo
ğŸˆ	gato	gatete|gato|minino
ğŸˆâ€â¬›	gato negro	gato|mala suerte|negro
ğŸ‰	dragÃ³n	cuento|dragÃ³n|fantasÃ­a
ğŸŠ	cocodrilo	caimÃ¡n|cocodrilo
ğŸ‹	ballena	ballena|cachalote|cetÃ¡ceo
ğŸŒ	caracol	caracol|caracola|molusco
ğŸ	serpiente	culebra|reptil|serpiente|vÃ­bora
ğŸ	caballo	caballo|caballo de carreras|carreras de caballos|ecuestre
ğŸ	carnero	aries|carnero|morueco|zodiaco
ğŸ	cabra	cabra|capricornio|caprino|chivo|zodiaco
ğŸ‘	oveja	borrego|cordero|oveja|ovino
ğŸ’	mono	macaco|mono|simio
ğŸ“	gallo	ave|gallina|gallinÃ¡cea|gallo|pollo
ğŸ”	gallina	ave|gallina|gallinÃ¡cea|pollo
ğŸ•	perro	cachorro|perrete|perrito|perro
ğŸ•â€ğŸ¦º	perro de servicio	accesibilidad|apoyo|asistencia|perro|perro de servicio|servicio
ğŸ–	cerdo	cerdo|cochino|gorrino|puerco
ğŸ—	jabalÃ­	cerdo salvaje|jabalÃ­
ğŸ˜	elefante	elefante|paquidermo
ğŸ™	pulpo	cefalÃ³podo|octÃ³podo|pulpo
ğŸš	caracola	caracola|concha|espiral
ğŸ›	bicho	bicho|gusano|insecto
ğŸœ	hormiga	antenas|hormiga|insecto
ğŸ	abeja	abeja|insecto|miel
ğŸ	mariquita	cochinilla|insecto|mariquita
ğŸŸ	pez	pececillo|pescado|pez|piscis|zodiaco
ğŸ 	pez tropical	pez|tropical
ğŸ¡	pez globo	globo|pez
ğŸ¢	tortuga	galÃ¡pago|tortuga
ğŸ£	pollito rompiendo el cascarÃ³n	ave|huevo|pollito|pollito rompiendo el cascarÃ³n|pollo
ğŸ¤	pollito	ave|pollito|pollo|polluelo
ğŸ¥	pollito de frente	ave|pollito|pollito de frente|pollo
ğŸ¦	pÃ¡jaro	ave|pajarillo|pÃ¡jaro
ğŸ¦â€â¬›	pÃ¡jaro negro	cuervo|grajo|mirlo|negro|pÃ¡jaro
ğŸ¦â€ğŸ”¥	fÃ©nix	ave de fuego|ave fÃ©nix|fantasÃ­a|fÃ©nix|reencarnaciÃ³n|renacer
ğŸ§	pingÃ¼ino	ave|pingÃ¼ino
ğŸ¨	koala	cara|koala|marsupial
ğŸ©	caniche	caniche|perrito|perro
ğŸª	dromedario	camello|desierto|dromedario|joroba
ğŸ«	camello	bactriano|camello|desierto|dromedario|jorobas
ğŸ¬	delfÃ­n	cetÃ¡ceo|delfÃ­n
ğŸ­	cara de ratÃ³n	cara|cara de ratÃ³n|ratÃ³n
ğŸ®	cara de vaca	cara|cara de vaca|vaca
ğŸ¯	cara de tigre	cara|cara de tigre|tigre
ğŸ°	cara de conejo	cara|cara de conejo|conejo|mascota
ğŸ±	cara de gato	cara|cara de gato|gato|mascota
ğŸ²	cara de dragÃ³n	cara|cara de dragÃ³n|cuento|dragÃ³n|fantasÃ­a
ğŸ³	ballena soltando un chorro	ballena|ballena soltando un chorro|chorro de agua
ğŸ´	cara de caballo	caballo|cara|cara de caballo
ğŸµ	cara de mono	cara|cara de mono|mono
ğŸ¶	cara de perro	cara|cara de perro|mascota|perro
ğŸ·	cara de cerdo	cara|cara de cerdo|cerdo|gorrino
ğŸ¸	rana	cara|rana
ğŸ¹	hÃ¡mster	cara|hÃ¡mster|mascota
ğŸº	lobo	cara|lobo
ğŸ»	oso	cara|oso
ğŸ¼	panda	cara|oso panda|panda
ğŸ½	nariz de cerdo	cara|cerdo|morro|nariz|nariz de cerdo
ğŸ¾	huellas de pezuÃ±as	huellas|huellas de pezuÃ±as|pezuÃ±as
ğŸ‘€	ojos	cara|ojos
ğŸ‘‚	oreja	cuerpo|oreja
ğŸ‘ƒ	nariz	cuerpo|nariz
ğŸ‘„	boca	boca|labios
ğŸ‘…	lengua	cuerpo|lengua
ğŸ‘†	dorso de mano con Ã­ndice hacia arriba	apuntar|arriba|dedo|dorso de mano con Ã­ndice hacia arriba|mano
ğŸ‘‡	dorso de mano con Ã­ndice hacia abajo	abajo|apuntar|dedo|dorso de mano con Ã­ndice hacia abajo|mano
ğŸ‘ˆ	dorso de mano con Ã­ndice a la izquierda	dedo|dorso de mano con Ã­ndice a la izquierda|Ã­ndice|izquierda|mano
ğŸ‘‰	dorso de mano con Ã­ndice a la derecha	dedo|derecha|dorso de mano con Ã­ndice a la derecha|Ã­ndice|mano
ğŸ‘Š	puÃ±o cerrado	puÃ±etazo|puÃ±o|puÃ±o cerrado
ğŸ‘‹	mano saludando	agitar|mano|mano saludando|saludar|saludo
ğŸ‘Œ	seÃ±al de aprobaciÃ³n con la mano	aprobaciÃ³n|mano|ok|seÃ±al de aprobaciÃ³n con la mano
ğŸ‘	pulgar hacia arriba	arriba|mano|pulgar|pulgar hacia arriba|seÃ±al
ğŸ‘	pulgar hacia abajo	abajo|mano|pulgar|pulgar hacia abajo|seÃ±al
ğŸ‘	manos aplaudiendo	aplaudir|manos|manos aplaudiendo|palmas|seÃ±al
ğŸ‘	manos abiertas	abiertas|manos
ğŸ‘‘	corona	accesorios|complementos|corona|reina|rey
ğŸ‘’	sombrero de mujer	accesorio|mujer|ropa|sombrero|sombrero de mujer
ğŸ‘“	gafas	accesorios|gafas|ojo|ropa
ğŸ‘”	corbata	accesorio|corbata|ropa
ğŸ‘•	camiseta	camiseta|ropa
ğŸ‘–	vaqueros	pantalones|ropa|vaqueros
ğŸ‘—	vestido	mujer|ropa|vestido
ğŸ‘˜	kimono	japonÃ©s|kimono|ropa
ğŸ‘™	bikini	baÃ±o|bikini|playa|ropa
ğŸ‘š	ropa de mujer	blusa|camisa|femenina|ropa|ropa de mujer
ğŸ‘›	monedero	accesorios|cartera|complementos|monedero
ğŸ‘œ	bolso	accesorios|bolso|complementos
ğŸ‘	bolso de mano	accesorios|bolso|bolso de mano|cartera|complementos
ğŸ‘	zapato de hombre	calzado|hombre|ropa|zapato|zapato de hombre
ğŸ‘Ÿ	zapatilla deportiva	calzado|correr|ropa|tenis|zapatilla deportiva
ğŸ‘ 	zapato de tacÃ³n	mujer|tacÃ³n|zapato|zapato de tacÃ³n
ğŸ‘¡	sandalia de mujer	calzado|mujer|ropa|sandalia|sandalia de mujer
ğŸ‘¢	bota de mujer	bota|bota de mujer|calzado|mujer|ropa
ğŸ‘£	huellas de pies	huellas|huellas de pies|pies
ğŸ‘¤	silueta de busto	busto|silueta|silueta de busto
ğŸ‘¥	dos siluetas de bustos	bustos|dos siluetas de bustos|siluetas
ğŸ‘¦	niÃ±o	joven|niÃ±o
ğŸ‘§	niÃ±a	chica|joven|niÃ±a
ğŸ‘¨	hombre	adulto|hombre
ğŸ‘¨â€ğŸŒ¾	profesional de la agricultura hombre	agricultor|campo|granjero|hombre|labrador|profesional de la agricultura hombre
ğŸ‘¨â€ğŸ³	chef hombre	chef|cocinero|hombre|pinche
ğŸ‘¨â€ğŸ¼	hombre alimentando a bebÃ©	alimentar|amamantar|bebÃ©|hombre|hombre alimentando a bebÃ©|lactancia
ğŸ‘¨â€ğŸ“	estudiante hombre	estudiante|graduado|hombre|licenciado|universitario
ğŸ‘¨â€ğŸ¤	cantante hombre	artista|cantante hombre|estrella|hombre|rock
ğŸ‘¨â€ğŸ¨	artista hombre	artista hombre|hombre|paleta|pintor|pinturas
ğŸ‘¨â€ğŸ«	docente hombre	docente hombre|educador|hombre|instructor|maestro|profesor
ğŸ‘¨â€ğŸ­	profesional industrial hombre	fÃ¡brica|montaje|obrero|operario|profesional industrial hombre|trabajador
ğŸ‘¨â€ğŸ’»	profesional de la tecnologÃ­a hombre	desarrollador|hombre|informÃ¡tico|profesional de la tecnologÃ­a hombre|programador|tecnÃ³logo
ğŸ‘¨â€ğŸ’¼	oficinista hombre	director|ejecutivo|empresa|hombre|oficina|oficinista
ğŸ‘¨â€ğŸ”§	profesional de la mecÃ¡nica hombre	electricista|fontanero|hombre|mecÃ¡nico|operario|profesional de la mecÃ¡nica hombre
ğŸ‘¨â€ğŸ”¬	profesional de la ciencia hombre	biÃ³logo|cientÃ­fico|fÃ­sico|hombre|profesional de la ciencia hombre|quÃ­mico
ğŸ‘¨â€ğŸš€	astronauta hombre	astronauta|cohete|espacio|hombre
ğŸ‘¨â€ğŸš’	bombero hombre	apagafuegos|bombero|bombero hombre|camiÃ³n|manguera
ğŸ‘¨â€ğŸ¦¯	hombre con bastÃ³n	accesibilidad|bastÃ³n|ciego|hombre|hombre con bastÃ³n|invidente
ğŸ‘¨â€ğŸ¦¼	hombre en silla de ruedas elÃ©ctrica	accesibilidad|hombre|hombre en silla de ruedas elÃ©ctrica|silla de ruedas
ğŸ‘¨â€ğŸ¦½	hombre en silla de ruedas manual	accesibilidad|hombre|hombre en silla de ruedas manual|silla de ruedas
ğŸ‘©	mujer	adulta|mujer
ğŸ‘©â€ğŸŒ¾	profesional de la agricultura mujer	agricultora|campo|granjera|labradora|mujer|profesional de la agricultura mujer
ğŸ‘©â€ğŸ³	chef mujer	chef|cocinera|mujer|pinche
ğŸ‘©â€ğŸ¼	mujer alimentando a bebÃ©	alimentar|amamantar|bebÃ©|lactancia|mujer|mujer alimentando a bebÃ©
ğŸ‘©â€ğŸ“	estudiante mujer	estudiante|graduada|licenciada|mujer|universitaria
ğŸ‘©â€ğŸ¤	cantante mujer	artista|cantante mujer|estrella|mujer|rock
ğŸ‘©â€ğŸ¨	artista mujer	artista mujer|mujer|paleta|pintora|pinturas
ğŸ‘©â€ğŸ«	docente mujer	docente mujer|educadora|instructora|maestra|mujer|profesora
ğŸ‘©â€ğŸ­	profesional industrial mujer	fÃ¡brica|montaje|obrera|operaria|profesional industrial mujer|trabajadora
ğŸ‘©â€ğŸ’»	profesional de la tecnologÃ­a mujer	desarrolladora|informÃ¡tica|mujer|profesional de la tecnologÃ­a mujer|programadora|tecnÃ³loga
ğŸ‘©â€ğŸ’¼	oficinista mujer	directora|ejecutiva|empresa|mujer|oficina|oficinista
ğŸ‘©â€ğŸ”§	profesional de la mecÃ¡nica mujer	electricista|fontanera|mecÃ¡nica|mujer|operaria|profesional de la mecÃ¡nica mujer
ğŸ‘©â€ğŸ”¬	profesional de la ciencia mujer	biÃ³loga|cientÃ­fica|fÃ­sica|mujer|profesional de la ciencia mujer|quÃ­mica
ğŸ‘©â€ğŸš€	astronauta mujer	astronauta|cohete|espacio|mujer
ğŸ‘©â€ğŸš’	bombera	apagafuegos|bombera|bombera mujera|camiÃ³n|manguera
ğŸ‘©â€ğŸ¦¯	mujer con bastÃ³n	accesibilidad|bastÃ³n|ciega|invidente|mujer|mujer con bastÃ³n
ğŸ‘©â€ğŸ¦¼	mujer en silla de ruedas elÃ©ctrica	accesibilidad|mujer|mujer en silla de ruedas elÃ©ctrica|silla de ruedas
ğŸ‘©â€ğŸ¦½	mujer en silla de ruedas manual	accesibilidad|mujer|mujer en silla de ruedas manual|silla de ruedas
ğŸ‘ª	familia	familia
ğŸ‘«	mujer y hombre de la mano	hombre|hombre y mujer de la mano|mujer|mujer y hombre de la mano|novios|pareja
ğŸ‘¬	hombres de la mano	gays|hombres|hombres de la mano|novios|pareja
ğŸ‘­	mujeres de la mano	lesbianas|mujeres|mujeres de la mano|novias|pareja
ğŸ‘®	agente de policÃ­a	agente|agente de policÃ­a|personas|policÃ­a
ğŸ‘¯	personas con orejas de conejo	bailar|fiesta|orejas de conejo|personas|personas con orejas de conejo
ğŸ‘°	persona con velo	boda|novia|persona|persona con velo|velo
ğŸ‘±	persona adulta rubia	persona adulta rubia|rubia|rubias|rubio|rubios
ğŸ‘²	persona con gorro chino	gorro|gua|gua pi mao|mao|persona|persona con gorro chino
ğŸ‘³	persona con turbante	persona con turbante|turbante
ğŸ‘´	anciano	anciano|hombre|mayor
ğŸ‘µ	anciana	anciana|mayor|mujer
ğŸ‘¶	bebÃ©	bebÃ©|joven|niÃ±o
ğŸ‘·	profesional de la construcciÃ³n	casco|construcciÃ³n|obrero|profesional de la construcciÃ³n|trabajador
ğŸ‘¸	princesa	cuento|fantasÃ­a|hadas|princesa
ğŸ‘¹	demonio japonÃ©s oni	cara|cuento|cuernos|demonio japonÃ©s oni|sonrisa
ğŸ‘º	demonio japonÃ©s tengu	cara|cuento|demonio japonÃ©s tengu|fantasÃ­a|monstruo|tengu
ğŸ‘»	fantasma	cara|criatura|cuento|fantasma|monstruo
ğŸ‘¼	bebÃ© Ã¡ngel	Ã¡ngel|bebÃ©|cara|cuento
ğŸ‘½	alienÃ­gena	alien|alienÃ­gena|cara|criatura|extraterrestre|ovni
ğŸ‘¾	monstruo alienÃ­gena	alien|cara|criatura|extraterrestre|monstruo alienÃ­gena|ovni
ğŸ‘¿	cara enfadada con cuernos	cara|cara enfadada con cuernos|cuernos|demonio|diablo
ğŸ’€	calavera	calavera|cara|cuento|monstruo|muerte
ğŸ’	persona de mostrador de informaciÃ³n	informaciÃ³n|mano|mostrador|persona|persona de mostrador de informaciÃ³n
ğŸ’‚	guardia	guardia|guardia real britÃ¡nica
ğŸ’ƒ	mujer bailando	bailar|mujer|mujer bailando
ğŸ’„	pintalabios	barra|cosmÃ©tica|labios|maquillaje|pintalabios
ğŸ’…	pintarse las uÃ±as	cosmÃ©tica|esmalte|manicura|pintarse las uÃ±as|uÃ±as
ğŸ’†	persona recibiendo masaje	cara|facial|masaje|persona recibiendo masaje|salÃ³n
ğŸ’‡	persona cortÃ¡ndose el pelo	belleza|corte|pelo|peluquero|persona cortÃ¡ndose el pelo
ğŸ’ˆ	poste de barbero	barberÃ­a|barbero|peluquero|poste|poste de barbero
ğŸ’‰	jeringuilla	aguja|jeringa|jeringuilla|medicina|mÃ©dico
ğŸ’Š	pÃ­ldora	comprimido|medicina|mÃ©dico|pastilla|pÃ­ldora
ğŸ’‹	marca de beso	beso|labios|marca de beso|romance
ğŸ’Œ	carta de amor	amor|carta|carta de amor|corazÃ³n|correo
ğŸ’	anillo	anillo|diamante
ğŸ’	piedra preciosa	diamante|gema|joya|piedra|preciosa
ğŸ’	beso	beso|personas|romance
ğŸ’	ramo de flores	bouquet|flores|ramo|ramo de flores
ğŸ’‘	pareja enamorada	amor|pareja|pareja enamorada|personas enamoradas
ğŸ’’	iglesia celebrando boda	boda|iglesia|iglesia celebrando boda|romance
ğŸ’“	corazÃ³n latiendo	amor|corazÃ³n|corazÃ³n latiendo|emociÃ³n|latido
ğŸ’”	corazÃ³n roto	corazÃ³n|emociÃ³n|partido|roto
ğŸ’•	dos corazones	amantes|amor|corazÃ³n|dos corazones
ğŸ’–	corazÃ³n brillante	amor|brillante|corazÃ³n brillante|emociÃ³n
ğŸ’—	corazÃ³n creciente	corazÃ³n|creciente|emocionado|latido|nervioso
ğŸ’˜	corazÃ³n con flecha	amor|corazÃ³n|corazÃ³n con flecha|emociÃ³n|flecha
ğŸ’™	corazÃ³n azul	azul|corazÃ³n|emociÃ³n
ğŸ’š	corazÃ³n verde	corazÃ³n|emociÃ³n|verde
ğŸ’›	corazÃ³n amarillo	amarillo|corazÃ³n|emociÃ³n
ğŸ’œ	corazÃ³n morado	corazÃ³n|emociÃ³n|morado
ğŸ’	corazÃ³n con lazo	corazÃ³n|corazÃ³n con lazo|emociÃ³n|lazo|san valentÃ­n
ğŸ’	corazones giratorios	corazÃ³n|corazones giratorios|giratorio
ğŸ’Ÿ	adorno de corazÃ³n	adorno de corazÃ³n|corazÃ³n
ğŸ’ 	rombo con pÃ©talo	flor|geometrÃ­a|rombo|rombo con pÃ©talo
ğŸ’¡	bombilla	bombilla|cÃ³mic|electricidad|idea|luz
ğŸ’¢	sÃ­mbolo de enfado	cÃ³mic|enfadado|enfado|sÃ­mbolo de enfado
ğŸ’£	bomba	bomba|cÃ³mic|emociÃ³n
ğŸ’¤	sÃ­mbolo de sueÃ±o	cÃ³mic|dormir|sÃ­mbolo de sueÃ±o|sueÃ±o|zzz
ğŸ’¥	colisiÃ³n	colisiÃ³n|cÃ³mic
ğŸ’¦	gotas de sudor	cÃ³mic|emociÃ³n|gotas de sudor|sudor
ğŸ’§	gota	agua|cÃ³mic|gota|sudor
ğŸ’¨	salir corriendo	carrera|cÃ³mic|correr|humo|salir corriendo
ğŸ’©	caca con ojos	caca|caca con ojos|cÃ³mic|mierda|mojÃ³n
ğŸ’ª	bÃ­ceps flexionado	bÃ­ceps|cÃ³mic|flexionado|fuerte|mÃºsculo
ğŸ’«	sÃ­mbolo de mareo	cÃ³mic|emociÃ³n|estrella|mareo|sÃ­mbolo de mareo
ğŸ’¬	bocadillo de diÃ¡logo	bocadillo|bocadillo de diÃ¡logo|cÃ³mic|conversaciÃ³n|diÃ¡logo
ğŸ’­	bocadillo de pensamiento	bocadillo|bocadillo de pensamiento|burbuja|cÃ³mic|pensamiento
ğŸ’®	flor blanca	blanca|flor
ğŸ’¯	cien puntos	100|cien puntos|pleno|puntos
ğŸ’°	bolsa de dinero	bolsa|bolsa de dinero|bolsa de dÃ³lares|dinero
ğŸ’±	cambio de divisas	cambio|cambio de divisas|dinero|divisa|moneda
ğŸ’²	sÃ­mbolo de dÃ³lar	dinero|dÃ³lar|sÃ­mbolo|sÃ­mbolo de dÃ³lar
ğŸ’³	tarjeta de crÃ©dito	crÃ©dito|tarjeta|tarjeta de crÃ©dito
ğŸ’´	billete de yen	billete|billete de banco|billete de yen|dinero|yen
ğŸ’µ	billete de dÃ³lar	billete|billete de banco|billete de dÃ³lar|dinero|dÃ³lar
ğŸ’¶	billete de euro	billete|billete de banco|billete de euro|dinero|euro
ğŸ’·	billete de libra	billete de banco|billete de libra|dinero|libra
ğŸ’¸	billete con alas	billete|billete con alas|billete de banco|dinero|dinero con alas
ğŸ’¹	mercado al alza	alza|mercado|mercado al alza|mercado alcista|tabla
ğŸ’º	asiento de transporte	asiento|asiento de transporte|plaza|silla
ğŸ’»	ordenador portÃ¡til	ordenador|ordenador portÃ¡til|pc|personal
ğŸ’¼	maletÃ­n	cartera|documentos|maletÃ­n
ğŸ’½	minidisc	disco|md|minidisc
ğŸ’¾	disquete	disco|disco de 3 1/2|disquete
ğŸ’¿	disco Ã³ptico	cd|disco|disco Ã³ptico
ğŸ“€	disco DVD	disco|dvd
ğŸ“	carpeta de archivos	archivo|carpeta|carpeta de archivos
ğŸ“‚	carpeta de archivos abierta	abierta|archivo|carpeta|carpeta de archivos abierta
ğŸ“ƒ	pÃ¡gina doblada	documento|pÃ¡gina|pÃ¡gina doblada
ğŸ“„	pÃ¡gina hacia arriba	anverso|documento|pÃ¡gina|pÃ¡gina hacia arriba
ğŸ“…	calendario	calendario|fecha
ğŸ“†	calendario recortable	calendario|calendario recortable|fecha
ğŸ“‡	organizador de fichas	cartera|ficha|organizador|organizador de fichas|tarjetas
ğŸ“ˆ	grÃ¡fica de evoluciÃ³n ascendente	ascendente|grÃ¡fica|grÃ¡fica de evoluciÃ³n ascendente|grÃ¡fico|tendencia ascendente
ğŸ“‰	grÃ¡fica de evoluciÃ³n descendente	descendente|grÃ¡fica|grÃ¡fica de evoluciÃ³n descendente|grÃ¡fico|tendencia descendente
ğŸ“Š	grÃ¡fico de barras	barras|grÃ¡fico|grÃ¡fico de barras
ğŸ“‹	portapapeles	papeles|pinza|portapapeles|tabla
ğŸ“Œ	chincheta	chincheta|tachuela
ğŸ“	chincheta redonda	chincheta|chincheta redonda
ğŸ“	clip	clip
ğŸ“	regla	regla
ğŸ“	escuadra	escuadra|regla|regla triangular|triÃ¡ngulo
ğŸ“‘	marcadores	marcadores|pestaÃ±as
ğŸ“’	libro de contabilidad	cuaderno|libro de contabilidad
ğŸ““	cuaderno	cuaderno|libreta
ğŸ“”	cuaderno con tapa decorativa	cuaderno|cuaderno con tapa decorativa|decoraciÃ³n|tapa
ğŸ“•	libro cerrado	cerrado|libro
ğŸ“–	libro abierto	abierto|libro
ğŸ“—	libro verde	libro|verde
ğŸ“˜	libro azul	azul|libro
ğŸ“™	libro naranja	libro|naranja
ğŸ“š	libros	libro|libros
ğŸ“›	etiqueta identificativa	etiqueta|etiqueta identificativa|nombre
ğŸ“œ	pergamino	pergamino|pergamino de papel
ğŸ“	cuaderno de notas	comunicaciÃ³n|cuaderno de notas
ğŸ“	auricular de telÃ©fono	auricular de telÃ©fono|comunicaciÃ³n|telÃ©fono
ğŸ“Ÿ	busca	busca|comunicaciÃ³n|localizador
ğŸ“ 	mÃ¡quina de fax	comunicaciÃ³n|fax|mÃ¡quina de fax
ğŸ“¡	antena de satÃ©lite	antena|antena de satÃ©lite|comunicaciÃ³n|satÃ©lite
ğŸ“¢	altavoz de mano	altavoz|altavoz de mano|comunicaciÃ³n
ğŸ“£	megÃ¡fono	comunicaciÃ³n|megÃ¡fono
ğŸ“¤	bandeja de salida	bandeja|bandeja de salida|comunicaciÃ³n|correo|enviado|salida
ğŸ“¥	bandeja de entrada	bandeja|bandeja de entrada|comunicaciÃ³n|correo|entrada|recibido
ğŸ“¦	paquete	caja|paquete
ğŸ“§	correo electrÃ³nico	comunicaciÃ³n|correo|correo electrÃ³nico|sobre
ğŸ“¨	sobre entrante	carta|comunicaciÃ³n|correo|correo electrÃ³nico|sobre|sobre entrante
ğŸ“©	sobre con flecha	carta|comunicaciÃ³n|correo|correo electrÃ³nico|sobre|sobre con flecha
ğŸ“ª	buzÃ³n cerrado con la bandera bajada	bandera|buzÃ³n|buzÃ³n cerrado|buzÃ³n cerrado con la bandera bajada|vacÃ­o
ğŸ“«	buzÃ³n cerrado con la bandera levantada	bandera|buzÃ³n|buzÃ³n cerrado|buzÃ³n cerrado con la bandera levantada|con contenido
ğŸ“¬	buzÃ³n abierto con la bandera levantada	bandera|buzÃ³n|buzÃ³n abierto|buzÃ³n abierto con la bandera levantada|con contenido
ğŸ“­	buzÃ³n abierto con la bandera bajada	bandera|buzÃ³n|buzÃ³n abierto|buzÃ³n abierto con la bandera bajada|vacÃ­o
ğŸ“®	buzÃ³n	buzÃ³n|cartas|correo
ğŸ“¯	corneta de posta	corneta|corneta de posta|posta
ğŸ“°	periÃ³dico	diario|periÃ³dico
ğŸ“±	telÃ©fono mÃ³vil	celular|mÃ³vil|telÃ©fono
ğŸ“²	mÃ³vil con una flecha	flecha|llamada|mÃ³vil|mÃ³vil con una flecha|recibir|telÃ©fono
ğŸ“³	modo vibraciÃ³n	modo vibraciÃ³n|mÃ³vil|telÃ©fono|telÃ©fono celular|vibraciÃ³n
ğŸ“´	telÃ©fono mÃ³vil apagado	apagado|mÃ³vil|telÃ©fono|telÃ©fono celular
ğŸ“µ	prohibido el uso de mÃ³viles	mÃ³vil|no hacer llamadas|prohibido|prohibido el uso de mÃ³viles|telÃ©fono
ğŸ“¶	barras de cobertura	antena|barras de cobertura|celular|mÃ³vil|seÃ±al|telÃ©fono
ğŸ“·	cÃ¡mara de fotos	cÃ¡mara|cÃ¡mara de fotos
ğŸ“¸	cÃ¡mara con flash	cÃ¡mara|cÃ¡mara con flash|flash
ğŸ“¹	videocÃ¡mara	cÃ¡mara|vÃ­deo|videocÃ¡mara
ğŸ“º	televisiÃ³n	televisiÃ³n|tv
ğŸ“»	radio	radio
ğŸ“¼	cinta de vÃ­deo	cinta|cinta de vÃ­deo
ğŸ“¿	rosario	collar|cuentas|religiÃ³n|rosario
ğŸ”€	reproducciÃ³n aleatoria	cruzado|flechas|flechas entrecruzadas|reproducciÃ³n aleatoria
ğŸ”	repetir	flechas|repeticiÃ³n|repetir
ğŸ”‚	repetir una vez	flechas|repeticiÃ³n|repetir una vez|uno
ğŸ”ƒ	flechas verticales en sentido horario	flechas|flechas verticales en sentido horario|flechas verticales sentido horario|horario|seÃ±al de recarga
ğŸ”„	flechas en sentido antihorario	direcciÃ³n|flechas|flechas en sentido antihorario|seÃ±al de recarga|sentido antihorario
ğŸ”…	brillo bajo	bajo|brillo|seÃ±al de brillo bajo|tenue
ğŸ”†	brillo alto	alto|brillante|brillo|seÃ±al de brillo alto
ğŸ”‡	altavoz silenciado	altavoz|altavoz con marca de cancelaciÃ³n|altavoz silenciado|mute|silencio
ğŸ”ˆ	altavoz a volumen bajo	altavoz a volumen bajo|volumen bajo
ğŸ”‰	altavoz a volumen medio	altavoz a volumen medio|altavoz con volumen medio|medio|volumen medio
ğŸ”Š	altavoz a volumen alto	altavoz|altavoz a volumen alto|alto|volumen alto
ğŸ”‹	pila	baterÃ­a|pila
ğŸ”Œ	enchufe elÃ©ctrico	corriente|electricidad|elÃ©ctrico|enchufe
ğŸ”	lupa orientada hacia la izquierda	buscar|lupa|lupa orientada hacia la izquierda
ğŸ”	lupa orientada hacia la derecha	buscar|lupa|lupa orientada hacia la derecha
ğŸ”	candado con pluma estilogrÃ¡fica	candado|candado con pluma estilogrÃ¡fica|cerrado|estilogrÃ¡fica|pluma|privacidad
ğŸ”	candado cerrado y llave	candado|candado cerrado y llave|cerrado|llave|seguro
ğŸ”‘	llave	contraseÃ±a|llave
ğŸ”’	candado cerrado	candado|cerrado|cerrar
ğŸ”“	candado abierto	abierto|abrir|candado
ğŸ””	campana	campana
ğŸ”•	campana con signo de cancelaciÃ³n	campana|campana con signo de cancelaciÃ³n|cancelaciÃ³n|ruido
ğŸ”–	marcapÃ¡ginas	marcador|marcapÃ¡ginas
ğŸ”—	eslabÃ³n	eslabÃ³n
ğŸ”˜	botÃ³n de opciÃ³n	botÃ³n|botÃ³n de opciÃ³n|opciÃ³n
ğŸ”™	flecha BACK	atrÃ¡s|atrÃ¡s con flecha izquierda|back|flecha|flecha a la izquierda
ğŸ”š	flecha END	final|final con flecha izquierda|flecha|flecha a la izquierda|flecha END
ğŸ”›	flecha ON!	flecha|flecha de doble punta con la palabra "on" encima|flecha ON!|on|seÃ±al
ğŸ”œ	flecha SOON	flecha|soon|soon con flecha a la derecha
ğŸ”	flecha TOP	arriba|flecha hacia arriba|flecha TOP|top|top con flecha hacia arriba
ğŸ”	prohibido para menos de 18 aÃ±os	18|no apto para menores|prohibido|prohibido para menores de 18 aÃ±os|prohibido para menos de 18 aÃ±os
ğŸ” 	letras latinas mayÃºsculas	abcd|letras|letras latinas mayÃºsculas|mayÃºsculas
ğŸ”¡	letras latinas minÃºsculas	abcd|letras|letras latinas minÃºsculas|minÃºsculas
ğŸ”¢	nÃºmeros	1234|dÃ­gitos|nÃºmeros
ğŸ”£	sÃ­mbolos	ã€’â™ª&%|sÃ­mbolos
ğŸ”¤	alfabeto latino	ABC|alfabeto latino|latino
ğŸ”¥	fuego	fuego|llama
ğŸ”¦	linterna	linterna|luz
ğŸ”§	llave inglesa	herramienta|llave inglesa
ğŸ”¨	martillo	herramienta|martillo
ğŸ”©	tornillo y tuerca	herramienta|tornillo|tornillo y tuerca|tuerca
ğŸ”ª	cuchillo de cocina	arma|cocinar|cuchillo|cuchillo de cocina
ğŸ”«	pistola de agua	agua|juguete|pistola|pistola de agua|verano
ğŸ”¬	microscopio	instrumento|laboratorio|microscopio
ğŸ”­	telescopio	astronomÃ­a|instrumento|telescopio
ğŸ”®	bola de cristal	adivinaciÃ³n|bola|bola de cristal|buena fortuna|cristal
ğŸ”¯	estrella de seis puntas	adivinaciÃ³n|buena fortuna|estrella|estrella de seis puntas|seis puntas
ğŸ”°	sÃ­mbolo japonÃ©s para principiante	amarillo|japonÃ©s|principiante|sÃ­mbolo japonÃ©s para principiante|verde
ğŸ”±	emblema de tridente	ancla|emblema|emblema de tridente|tridente
ğŸ”²	botÃ³n cuadrado con borde negro	botÃ³n|botÃ³n cuadrado con borde negro|cuadrado
ğŸ”³	botÃ³n cuadrado con borde blanco	botÃ³n|botÃ³n cuadrado con borde blanco|cuadrado
ğŸ”´	cÃ­rculo rojo	cÃ­rculo|geometrÃ­a|rojo
ğŸ”µ	cÃ­rculo azul	azul|cÃ­rculo|geometrÃ­a
ğŸ”¶	rombo naranja grande	geometrÃ­a|naranja|rombo|rombo naranja grande
ğŸ”·	rombo azul grande	azul|geometrÃ­a|rombo|rombo azul grande
ğŸ”¸	rombo naranja pequeÃ±o	geometrÃ­a|naranja|rombo|rombo naranja pequeÃ±o
ğŸ”¹	rombo azul pequeÃ±o	azul|geometrÃ­a|rombo|rombo azul pequeÃ±o
ğŸ”º	triÃ¡ngulo rojo hacia arriba	geometrÃ­a|rojo|triÃ¡ngulo|triÃ¡ngulo hacia arriba rojo|triÃ¡ngulo rojo hacia arriba
ğŸ”»	triÃ¡ngulo rojo hacia abajo	geometrÃ­a|rojo|triÃ¡ngulo|triÃ¡ngulo hacia abajo rojo|triÃ¡ngulo rojo hacia abajo
ğŸ”¼	triÃ¡ngulo hacia arriba	arriba|botÃ³n|botÃ³n triÃ¡ngulo hacia arriba|triÃ¡ngulo|triÃ¡ngulo hacia arriba
ğŸ”½	triÃ¡ngulo hacia abajo	abajo|botÃ³n|botÃ³n triÃ¡ngulo hacia abajo|triÃ¡ngulo|triÃ¡ngulo hacia abajo
ğŸ•‹	Kaaba	hach|islam|Kaaba|musulmÃ¡n|religiÃ³n|umrah
ğŸ•Œ	mezquita	islam|mezquita|religiÃ³n
ğŸ•	sinagoga	judaÃ­smo|religiÃ³n|sinagoga
ğŸ•	menorÃ¡	candelabro|menorÃ¡|religiÃ³n
ğŸ•	1 en punto	1 en punto|1:00|reloj|una
ğŸ•‘	2 en punto	2 en punto|2:00|dos|reloj
ğŸ•’	3 en punto	3 en punto|3:00|reloj|tres
ğŸ•“	4 en punto	4 en punto|4:00|cuatro|reloj
ğŸ•”	5 en punto	5 en punto|5:00|cinco|reloj
ğŸ••	6 en punto	6 en punto|6:00|reloj|seis
ğŸ•–	7 en punto	7 en punto|7:00|reloj|siete
ğŸ•—	8 en punto	8 en punto|8:00|ocho|reloj
ğŸ•˜	9 en punto	9 en punto|9:00|nueve|reloj
ğŸ•™	10 en punto	10 en punto|10:00|diez|reloj
ğŸ•š	11 en punto	11 en punto|11:00|once|reloj
ğŸ•›	12 en punto	12 en punto|12:00|doce|reloj
ğŸ•œ	una y media	1:30|reloj|una y media
ğŸ•	dos y media	2:30|dos y media|reloj
ğŸ•	tres y media	3:30|reloj|tres y media
ğŸ•Ÿ	cuatro y media	4:30|cuatro y media|reloj
ğŸ• 	cinco y media	5:30|cinco y media|reloj
ğŸ•¡	seis y media	6:30|reloj|seis y media
ğŸ•¢	siete y media	7:30|reloj|siete y media
ğŸ•£	ocho y media	8:30|ocho y media|reloj
ğŸ•¤	nueve y media	9:30|nueve y media|reloj
ğŸ•¥	diez y media	10:30|diez y media|reloj
ğŸ•¦	once y media	11:30|once y media|reloj
ğŸ•§	doce y media	12:30|doce y media|reloj
ğŸ•º	hombre bailando	bailar|hombre|hombre bailando
ğŸ–•	dedo corazÃ³n hacia arriba	corazÃ³n|dedo|dedo corazÃ³n hacia arriba|mano|peineta
ğŸ––	saludo vulcano	mano|saludo|spock|vulcano
ğŸ–¤	corazÃ³n negro	corazÃ³n|negro
ğŸ—»	monte Fuji	Fuji|montaÃ±a|monte|naturaleza
ğŸ—¼	Torre de Tokio	Tokio|torre|Torre de Tokio
ğŸ—½	Estatua de la Libertad	estatua|Estatua de la Libertad|libertad|nueva|ny|nyc|york
ğŸ—¾	mapa de JapÃ³n	JapÃ³n|mapa
ğŸ—¿	estatua moÃ¡i	estatua|moÃ¡i|Pascua
ğŸ˜€	cara sonriendo	cara|cara sonriendo|divertido|feliz|sonrisa
ğŸ˜	cara radiante con ojos sonrientes	cara|cara radiante con ojos sonrientes|ojo|risa|sonrisa
ğŸ˜‚	cara llorando de risa	cara|cara llorando de risa|felicidad|lÃ¡grima|risa
ğŸ˜ƒ	cara sonriendo con ojos grandes	cara|cara sonriendo con ojos grandes|divertido|risa|sonriendo
ğŸ˜„	cara sonriendo con ojos sonrientes	abierta|cara|cara sonriendo con ojos sonrientes|ojo|sonrisa
ğŸ˜…	cara sonriendo con sudor frÃ­o	cara|cara sonriendo con sudor frÃ­o|frÃ­o|risa|sudor
ğŸ˜†	cara sonriendo con los ojos cerrados	abierta|boca|cara|cara sonriendo con los ojos cerrados|risa
ğŸ˜‡	cara sonriendo con aureola	Ã¡ngel|cara|cara sonriendo con aureola|halo|sonrisa
ğŸ˜ˆ	cara sonriendo con cuernos	cara|cara sonriendo con cuernos|cuernos|demonio|sonrisa
ğŸ˜‰	cara guiÃ±ando el ojo	cara|cara guiÃ±ando el ojo|guiÃ±o
ğŸ˜Š	cara feliz con ojos sonrientes	cara|cara feliz con ojos sonrientes|ojo|rubor|sonrisa
ğŸ˜‹	cara saboreando comida	cara|cara saboreando comida|delicioso|hambre|rico
ğŸ˜Œ	cara de alivio	aliviado|cara|cara de alivio
ğŸ˜	cara sonriendo con ojos de corazÃ³n	amor|cara|cara sonriendo con ojos de corazÃ³n|corazÃ³n|sonrisa
ğŸ˜	cara sonriendo con gafas de sol	cara|cara sonriendo con gafas de sol|gafas|guay|sol
ğŸ˜	cara sonriendo con superioridad	cara|cara sonriendo con superioridad|listillo|superioridad
ğŸ˜	cara neutral	cara|inexpresivo|neutral
ğŸ˜‘	cara sin expresiÃ³n	cara|cara sin expresiÃ³n|inexpresiÃ³n|inexpresiva|inexpresivo
ğŸ˜’	cara de desaprobaciÃ³n	cara|cara de desaprobaciÃ³n|insatisfacciÃ³n|rechazo
ğŸ˜“	cara con sudor frÃ­o	cara|cara con sudor frÃ­o|frÃ­o|sudor
ğŸ˜”	cara desanimada	alicaÃ­do|cara|cara desanimada|desanimado|pensativo
ğŸ˜•	cara de confusiÃ³n	cara|cara de confusiÃ³n|confuso
ğŸ˜–	cara de frustraciÃ³n	cara|cara de frustraciÃ³n|frustrado
ğŸ˜—	cara besando	beso|cara|cara besando
ğŸ˜˜	cara lanzando un beso	beso|cara|cara lanzando un beso
ğŸ˜™	cara besando con ojos sonrientes	beso|cara|cara besando con ojos sonrientes|ojo|sonrisa
ğŸ˜š	cara besando con los ojos cerrados	beso|cara|cara besando con los ojos cerrados|cerrado|ojo
ğŸ˜›	cara sacando la lengua	cara|cara sacando la lengua|lengua
ğŸ˜œ	cara sacando la lengua y guiÃ±ando un ojo	cara|cara sacando la lengua y guiÃ±ando un ojo|guiÃ±o|lengua|ojo
ğŸ˜	cara con ojos cerrados y lengua fuera	cara|cara con ojos cerrados y lengua fuera|lengua|ojo|sabor
ğŸ˜	cara decepcionada	cara|cara decepcionada|decepciÃ³n|decepcionado
ğŸ˜Ÿ	cara preocupada	cara|cara preocupada|preocupaciÃ³n|preocupado
ğŸ˜ 	cara enfadada	cara|cara enfadada|enfadado|histÃ©rico
ğŸ˜¡	cara cabreada	cabreo|cara|cara cabreada|enfadado|furia
ğŸ˜¢	cara llorando	cara|cara llorando|lÃ¡grima|llorar|triste
ğŸ˜£	cara desesperada	cara|cara desesperada|desesperaciÃ³n|frustraciÃ³n
ğŸ˜¤	cara resoplando	cabreo|cara|cara resoplando|enfado
ğŸ˜¥	cara triste pero aliviada	aliviado|cara|cara triste pero aliviada|decepcionado|menos mal
ğŸ˜¦	cara con el ceÃ±o fruncido y la boca abierta	boca abierta|cara|cara con el ceÃ±o fruncido y la boca abierta|ceÃ±o fruncido con boca abierta
ğŸ˜§	cara angustiada	angustia|angustiado|cara|cara angustiada
ğŸ˜¨	cara asustada	asustado|cara|cara asustada|miedo|miedoso
ğŸ˜©	cara agotada	agotado|cansado|cara|cara agotada
ğŸ˜ª	cara de sueÃ±o	cara|cara de sueÃ±o|dormir|sueÃ±o
ğŸ˜«	cara cansada	cansado|cara|cara cansada
ğŸ˜¬	cara haciendo una mueca	cara|cara haciendo una mueca|mueca
ğŸ˜­	cara llorando fuerte	cara|cara llorando fuerte|lÃ¡grima|llorar|triste
ğŸ˜®	cara con la boca abierta	boca|cara|cara con la boca abierta
ğŸ˜®â€ğŸ’¨	cara exhalando	alivio|bocanada|cara exhalando|exhalar|jadear|resoplido|silbar
ğŸ˜¯	cara estupefacta	alucinado|cara|cara estupefacta|estupefacto|sorprendido
ğŸ˜°	cara con ansiedad y sudor	ansiedad|cara|cara con ansiedad y sudor|frÃ­o|sudor
ğŸ˜±	cara gritando de miedo	asustado|cara|cara gritando de miedo|miedo|pÃ¡nico
ğŸ˜²	cara asombrada	alucinado|asombrado|cara|cara asombrada|pasmado
ğŸ˜³	cara sonrojada	cara|cara sonrojada|colorado|sonrojado
ğŸ˜´	cara durmiendo	cara|cara durmiendo|dormido|sueÃ±o|zzz
ğŸ˜µ	cara mareada	cara|cara mareada|mareo
ğŸ˜µâ€ğŸ’«	cara con ojos en espiral	cara con ojos en espiral|espiral|hipnotizado|indispuesto|mareado|mareo|problema
ğŸ˜¶	cara sin boca	boca|callado|cara|cara sin boca|silencio
ğŸ˜·	cara con mascarilla mÃ©dica	cara|cara con mascarilla mÃ©dica|enfermo|malo|mÃ¡scara
ğŸ˜¸	gato sonriendo con ojos sonrientes	cara|gato|gato sonriendo con ojos sonrientes|ojos|sonriente|sonrisa
ğŸ˜¹	gato llorando de risa	cara|gato|gato llorando de risa|lÃ¡grima|risa
ğŸ˜º	gato sonriendo	cara|feliz|gato alegre|gato feliz|gato sonriendo|sonrisa
ğŸ˜»	gato sonriendo con ojos de corazÃ³n	cara|corazÃ³n|enamorado|gato|gato sonriendo con ojos de corazÃ³n
ğŸ˜¼	gato haciendo una mueca	cara|gato|gato haciendo una mueca|irÃ³nico|sonrisa
ğŸ˜½	gato besando	beso|cara|cariÃ±oso|gato|gato besando
ğŸ˜¾	gato enfadado	cara|enfadado|gato
ğŸ˜¿	gato llorando	cara|gato|gato llorando|lÃ¡grima|pena|triste
ğŸ™€	gato asustado	cara|gato|gato asustado|pÃ¡nico|preocupaciÃ³n|sorpresa
ğŸ™	cara con el ceÃ±o ligeramente fruncido	cara|cara con el ceÃ±o ligeramente fruncido|ceÃ±o|fruncido
ğŸ™‚	cara sonriendo ligeramente	cara|cara sonriendo ligeramente|sonrisa
ğŸ™ƒ	cara al revÃ©s	cara|cara al revÃ©s|revÃ©s
ğŸ™„	cara con ojos en blanco	cara|cara con ojos en blanco|frustraciÃ³n|ojos|vueltos
ğŸ™…	persona haciendo el gesto de "no"	gesto|mano|no|persona haciendo el gesto de "no"|prohibido
ğŸ™†	persona haciendo el gesto de "de acuerdo"	gesto|mano|OK|persona haciendo el gesto de "de acuerdo"|vale
ğŸ™‡	persona haciendo una reverencia	disculpa|gesto|perdÃ³n|persona haciendo una reverencia|reverencia
ğŸ™ˆ	mono con los ojos tapados	cara|mal|mono|mono con los ojos tapados|prohibido
ğŸ™‰	mono con los oÃ­dos tapados	cara|mal|mono|mono con los oÃ­dos tapados|prohibido
ğŸ™Š	mono con la boca tapada	cara|mal|mono|mono con la boca tapada|prohibido
ğŸ™‹	persona con la mano levantada	feliz|gesto|levantar|mano|persona con la mano levantada
ğŸ™Œ	manos levantadas celebrando	celebraciÃ³n|gesto|hurra|mano|manos levantadas celebrando
ğŸ™	persona frunciendo el ceÃ±o	ceÃ±o|fruncido|gesto|persona|persona frunciendo el ceÃ±o
ğŸ™	persona haciendo pucheros	gesto|persona|persona haciendo pucheros|pucheros
ğŸ™	manos en oraciÃ³n	gracias|mano|manos en oraciÃ³n|oraciÃ³n|orar|por favor|rezar
ğŸš€	cohete	cohete|espacio|vehÃ­culo
ğŸš	helicÃ³ptero	aspas|helicÃ³ptero|rotores|vehÃ­culo|volar
ğŸš‚	locomotora de vapor	locomotora|locomotora de vapor|tren|vehÃ­culo
ğŸšƒ	vagÃ³n	ferrocarril|tranvÃ­a|tren elÃ©ctrico|vagÃ³n|vehÃ­culo
ğŸš„	tren de alta velocidad	AVE|ferrocarril|rÃ¡pido|tren|tren de alta velocidad|velocidad
ğŸš…	tren bala	bala|shinkansen|tren|vehÃ­culo|velocidad
ğŸš†	tren	ferrocarril|tren|vehÃ­culo
ğŸš‡	metro	metro|subterrÃ¡neo|suburbano|transporte
ğŸšˆ	tren ligero	ferrocarril|transporte|tren|tren ligero
ğŸš‰	estaciÃ³n de tren	estaciÃ³n|estaciÃ³n de tren|tren
ğŸšŠ	tranvÃ­a	transporte|tranvÃ­a|trolebÃºs
ğŸš‹	vagÃ³n de tranvÃ­a	tranvÃ­a|vagÃ³n|vagÃ³n de tranvÃ­a|vehÃ­culo
ğŸšŒ	autobÃºs	autobÃºs|bus|transporte
ğŸš	autobÃºs prÃ³ximo	autobÃºs|prÃ³ximo|vehÃ­culo
ğŸš	trolebÃºs	transporte|tranvÃ­a|trolebÃºs
ğŸš	parada de autobÃºs	autobÃºs|parada|parada de autobÃºs
ğŸš	minibÃºs	autobÃºs|bus|minibÃºs|transporte
ğŸš‘	ambulancia	ambulancia|asistencia mÃ©dica|transporte|vehÃ­culo
ğŸš’	coche de bomberos	camiÃ³n|camiÃ³n de bomberos|coche de bomberos|fuego|vehÃ­culo
ğŸš“	coche de policÃ­a	coche de policÃ­a|coche patrulla|policÃ­a|vehÃ­culo
ğŸš”	coche de policÃ­a prÃ³ximo	coche de policÃ­a prÃ³ximo|coche patrulla|policÃ­a|prÃ³ximo|vehÃ­culo
ğŸš•	taxi	coche|taxi|vehÃ­culo
ğŸš–	taxi prÃ³ximo	taxi|taxi prÃ³ximo|vehÃ­culo
ğŸš—	coche	automÃ³vil|coche|vehÃ­culo
ğŸš˜	coche prÃ³ximo	automÃ³vil|coche|prÃ³ximo|vehÃ­culo
ğŸš™	vehÃ­culo deportivo utilitario	camping|caravana|furgoneta|vacaciones|vehÃ­culo|vehÃ­culo deportivo utilitario
ğŸšš	camiÃ³n de reparto	camiÃ³n de reparto|mercancÃ­as|reparto|transporte|vehÃ­culo
ğŸš›	camiÃ³n articulado	camiÃ³n|camiÃ³n articulado|trÃ¡iler|vehÃ­culo
ğŸšœ	tractor	agricultura|tractor|vehÃ­culo
ğŸš	monorraÃ­l	ferrocarril|monocarril|monorraÃ­l|transporte|tren
ğŸš	ferrocarril de montaÃ±a	ferrocarril|ferrocarril de montaÃ±a|montaÃ±a|vehÃ­culo
ğŸšŸ	ferrocarril de suspensiÃ³n	ferrocarril|ferrocarril de suspensiÃ³n|suspensiÃ³n|vehÃ­culo
ğŸš 	telefÃ©rico de montaÃ±a	cable|funicular|montaÃ±a|telefÃ©rico|telefÃ©rico de montaÃ±a|vehÃ­culo
ğŸš¡	telefÃ©rico	aÃ©reo|telefÃ©rico|tranvÃ­a|vehÃ­culo
ğŸš¢	barco	barco|vehÃ­culo
ğŸš£	persona remando en un bote	barca|bote|persona remando en un bote|remo
ğŸš¤	lancha motora	barco|lancha motora|vehÃ­culo
ğŸš¥	semÃ¡foro horizontal	luz|semÃ¡foro horizontal|seÃ±ales de trÃ¡fico|trÃ¡fico
ğŸš¦	semÃ¡foro	luz|semÃ¡foro|semÃ¡foro vertical|seÃ±ales de trÃ¡fico|trÃ¡fico
ğŸš§	obras	construcciÃ³n|obras|seÃ±al|seÃ±al de obras
ğŸš¨	luces de policÃ­a	coche de policÃ­a|luces|luces de policÃ­a|policÃ­a
ğŸš©	bandera triangular	bandera|bandera de localizaciÃ³n triangular|bandera informativa de localizaciÃ³n|bandera triangular|localizaciÃ³n
ğŸšª	puerta	puerta
ğŸš«	prohibido	entrar|no|pasar|prohibiciÃ³n|prohibido
ğŸš¬	cigarrillo	cigarrillo|cigarro|fumar
ğŸš­	prohibido fumar	fumar|no|prohibido|seÃ±al
ğŸš®	seÃ±al de usar papelera	basura|papelera|seÃ±al|seÃ±al de usar papelera|tirar la basura en la papelera
ğŸš¯	prohibido tirar basura	basura|prohibido|prohibido tirar basura|seÃ±al|seÃ±al de no tirar basura
ğŸš°	agua potable	agua|potable
ğŸš±	agua no potable	agua|agua no potable|no potable
ğŸš²	bicicleta	bici|bicicleta|vehÃ­culo
ğŸš³	bicicletas prohibidas	bicicleta|bicicletas prohibidas|prohibido|vehÃ­culo
ğŸš´	persona en bicicleta	bicicleta|ciclismo|ciclista|persona en bicicleta
ğŸšµ	persona en bicicleta de montaÃ±a	bicicleta|ciclista|montaÃ±a|mountain bike|persona en bicicleta de montaÃ±a
ğŸš¶	persona caminando	andar|caminando|caminar|persona caminando
ğŸš·	prohibido el paso de peatones	peatÃ³n|peatones|prohibido|prohibido el paso de peatones|seÃ±al
ğŸš¸	niÃ±os cruzando	cruzando|niÃ±os|seÃ±al
ğŸš¹	aseo para hombres	aseo de caballeros|aseo para hombres|baÃ±o|seÃ±al|seÃ±al con un hombre|servicio
ğŸšº	seÃ±al de aseo para mujeres	aseo de seÃ±oras|baÃ±o|seÃ±al|seÃ±al con una mujer|seÃ±al de aseo para mujeres|servicio
ğŸš»	seÃ±al de aseos	aseos|seÃ±al de aseos|servicios|wc
ğŸš¼	seÃ±al de bebÃ©	bebÃ©|cambiar|lactancia|seÃ±al de bebÃ©
ğŸš½	inodoro	baÃ±o|inodoro|vÃ¡ter|wc
ğŸš¾	aseos	aseos|lavabo|servicios|WC
ğŸš¿	ducha	agua|baÃ±o|ducha
ğŸ›€	persona en la baÃ±era	baÃ±era|baÃ±o|persona|persona en la baÃ±era
ğŸ›	baÃ±era	baÃ±era|baÃ±o
ğŸ›‚	control de pasaportes	control|control de pasaportes|pasaportes
ğŸ›ƒ	aduana	aduana
ğŸ›„	recogida de equipajes	equipaje|maleta|recogida de equipajes
ğŸ›…	consigna	consigna|depÃ³sito|equipaje|servicio de equipaje en depÃ³sito
ğŸ›Œ	persona en la cama	dormir|hotel|persona en la cama
ğŸ›	lugar de culto	culto|lugar de culto|religiÃ³n
ğŸ›‘	seÃ±al de stop	octÃ¡gono|parada|seÃ±al|seÃ±al de stop|stop
ğŸ›’	carrito de la compra	carrito|carrito de la compra|carro|compra|supermercado
ğŸ›•	templo hindÃº	hindÃº|templo
ğŸ›–	cabaÃ±a	cabaÃ±a|casa|yurta
ğŸ›—	ascensor	accesibilidad|ascensor|elevador|montacargas
ğŸ›œ	wifi	conexiÃ³n|inalÃ¡mbrica|internet|red|wi-fi|wifi
ğŸ›	tobogÃ¡n	jugar|parque|parque de atracciones|tobogÃ¡n
ğŸ›	rueda	cÃ­rculo|girar|neumÃ¡tico|rodar|rueda
ğŸ›Ÿ	salvavidas	flotador|rescate|salvavidas|seguridad|socorrista
ğŸ›«	aviÃ³n despegando	aeroplano|aviÃ³n|aviÃ³n despegando|salida
ğŸ›¬	aviÃ³n aterrizando	aeroplano|aviÃ³n|aviÃ³n aterrizando|llegada
ğŸ›´	patinete	patinete
ğŸ›µ	scooter	escÃºter|moto|scooter
ğŸ›¶	canoa	barca|barco|canoa|piragua
ğŸ›·	trineo	trineo
ğŸ›¸	platillo volante	ovni|platillo volante
ğŸ›¹	monopatÃ­n	monopatÃ­n|skateboard|tabla
ğŸ›º	mototaxi	mototaxi|rickshaw|tuk tuk
ğŸ›»	camioneta	camioneta|pickup|ranchera
ğŸ›¼	patines	patÃ­n|patÃ­n de 4 ruedas|patÃ­n de cuatro ruedas|patines
ğŸŸ 	cÃ­rculo naranja	cÃ­rculo|naranja
ğŸŸ¡	cÃ­rculo amarillo	amarillo|cÃ­rculo
ğŸŸ¢	cÃ­rculo verde	cÃ­rculo|verde
ğŸŸ£	cÃ­rculo morado	cÃ­rculo|lila|morado|pÃºrpura
ğŸŸ¤	cÃ­rculo marrÃ³n	cÃ­rculo|marrÃ³n
ğŸŸ¥	cuadrado rojo	cuadrado|rojo
ğŸŸ¦	cuadrado azul	azul|cuadrado
ğŸŸ§	cuadrado naranja	cuadrado|naranja
ğŸŸ¨	cuadrado amarillo	amarillo|cuadrado
ğŸŸ©	cuadrado verde	cuadrado|verde
ğŸŸª	cuadrado morado	cuadrado|lila|morado|pÃºrpura
ğŸŸ«	cuadrado marrÃ³n	cuadrado|marrÃ³n
ğŸŸ°	signo igual grueso	equivalencia|igualdad|matemÃ¡ticas|mates|signo igual grueso
ğŸ¤Œ	dedos juntos apuntando hacia arriba	dedos|dedos juntos apuntando hacia arriba|gesto|italia|italiano|mano|sarcasmo
ğŸ¤	corazÃ³n blanco	blanco|corazÃ³n|emociÃ³n
ğŸ¤	corazÃ³n marrÃ³n	corazÃ³n|emociÃ³n|marrÃ³n
ğŸ¤	mano pellizcando	mano pellizcando|pellizco|poco|poquito
ğŸ¤	cara con la boca cerrada con cremallera	boca|cara|cara con la boca cerrada con cremallera|cremallera
ğŸ¤‘	cara con lengua de dinero	boca|cara|cara con lengua de dinero|dinero
ğŸ¤’	cara con termÃ³metro	cara|cara con termÃ³metro|enfermo|malo|termÃ³metro
ğŸ¤“	cara de empollÃ³n	cara|cara de empollÃ³n|empollÃ³n|friki|friqui
ğŸ¤”	cara pensativa	cara|cara pensativa|duda|pensando
ğŸ¤•	cara con la cabeza vendada	cara|cara con la cabeza vendada|dolor|herida|venda
ğŸ¤–	robot	cara|monstruo|robot
ğŸ¤—	cara con manos abrazando	abrazo|cara|cara con manos abrazando|sonrisa
ğŸ¤˜	mano haciendo el signo de cuernos	cuernos|dedo|mano|mano haciendo el signo de cuernos|rock
ğŸ¤™	mano haciendo el gesto de llamar	llamar|mano|mano haciendo el gesto de llamar|meÃ±ique|pulgar
ğŸ¤š	dorso de la mano	dorso|dorso de la mano|levantado|mano
ğŸ¤›	puÃ±o hacia la izquierda	izquierda|puÃ±o|puÃ±o hacia la izquierda
ğŸ¤œ	puÃ±o hacia la derecha	derecha|puÃ±o|puÃ±o hacia la derecha
ğŸ¤	apretÃ³n de manos	acuerdo|apretÃ³n|apretÃ³n de manos|manos
ğŸ¤	dedos cruzados	cruzar|dedos|dedos cruzados|mano|suerte
ğŸ¤Ÿ	gesto de te quiero	gesto de te quiero|mano|quiero
ğŸ¤ 	cara con sombrero de vaquero	cara|cara con sombrero de vaquero|sombrero|vaquera|vaquero
ğŸ¤¡	cara de payaso	cara|cara de payaso|payaso
ğŸ¤¢	cara de nÃ¡useas	cara|cara de nÃ¡useas|nÃ¡useas|vomitar
ğŸ¤£	cara revolviÃ©ndose de la risa	cara|cara revolviÃ©ndose de la risa|carcajada|ojos cerrados|risa
ğŸ¤¤	cara babeando	baba|babeando|cara
ğŸ¤¥	cara de mentiroso	cara|cara de mentiroso|mentiroso|nariz|pinocho
ğŸ¤¦	persona con la mano en la frente	facepalm|frente|incredulidad|mano|persona con la mano en la frente
ğŸ¤§	cara estornudando	cara|cara estornudando|estornudar|estornudo|paÃ±uelo
ğŸ¤¨	cara con ceja alzada	cara con ceja alzada|desconfiado|escÃ©ptico
ğŸ¤©	cara sonriendo con estrellas	cara|cara sonriendo con estrellas|estrellas|sonrisa
ğŸ¤ª	cara de loco	cara de loco|grande|ojo|pequeÃ±o
ğŸ¤«	cara pidiendo silencio	callado|cara pidiendo silencio|silencio
ğŸ¤¬	cara con sÃ­mbolos en la boca	cara con sÃ­mbolos en la boca|maldecir|palabrota|sÃ­mbolo
ğŸ¤­	cara con mano sobre la boca	cara con mano sobre la boca|ostras|uy|vaya
ğŸ¤®	cara vomitando	cara vomitando|enfermo|malo|vomitar
ğŸ¤¯	cabeza explotando	cabeza|cabeza explotando|explosiÃ³n
ğŸ¤°	mujer embarazada	embarazada|mujer
ğŸ¤±	lactancia materna	amamantar|bebÃ©|dar pecho|lactancia materna|pecho
ğŸ¤²	palmas hacia arriba juntas	oraciÃ³n|palmas hacia arriba juntas
ğŸ¤³	selfi	autofoto|cÃ¡mara|selfi|selfie|telÃ©fono
ğŸ¤´	prÃ­ncipe	corona|prÃ­ncipe
ğŸ¤µ	persona con esmoquin	esmoquin|novio|persona|persona con esmoquin
ğŸ¤¶	MamÃ¡ Noel	celebraciÃ³n|claus|cuento|fantasÃ­a|feliz|fiestas|madre|MamÃ¡ Noel|Navidad|santa
ğŸ¤·	persona encogida de hombros	duda|encogerse|hombros|indiferencia|persona encogida de hombros
ğŸ¤¸	persona haciendo voltereta lateral	acrobacia|gimnasia|persona haciendo voltereta lateral|pirueta|rueda|voltereta
ğŸ¤¹	persona haciendo malabares	equilibrio|malabares|malabarismo|malabarista|persona haciendo malabares
ğŸ¤º	persona haciendo esgrima	esgrima|esgrimista|espada|persona haciendo esgrima
ğŸ¤¼	personas luchando	lucha|luchador|personas luchando
ğŸ¤½	persona jugando al waterpolo	persona jugando al waterpolo|waterpolista|waterpolo
ğŸ¤¾	persona jugando al balonmano	balonmanista|balonmano|persona jugando al balonmano
ğŸ¤¿	mÃ¡scara de buceo	bucear|buzo|esnÃ³rquel|mÃ¡scara|mÃ¡scara de buceo|tubo
ğŸ¥€	flor marchita	flor|marchita|marchitada|marchitarse
ğŸ¥	tambor	baquetas|mÃºsica|tambor
ğŸ¥‚	copas brindando	bebida|brindar|brindis|celebraciÃ³n|copa|copas brindando
ğŸ¥ƒ	vaso de whisky	chupito|copa|licor|vaso|vaso de whisky|whisky
ğŸ¥„	cuchara	cubiertos|cuchara|cucharilla
ğŸ¥…	porterÃ­a	deporte|porterÃ­a|red
ğŸ¥‡	medalla de oro	medalla|medalla de oro|oro|primero
ğŸ¥ˆ	medalla de plata	medalla|medalla de plata|plata|segundo
ğŸ¥‰	medalla de bronce	bronce|medalla|medalla de bronce|tercero
ğŸ¥Š	guante de boxeo	boxeo|deporte|guante|guante de boxeo
ğŸ¥‹	uniforme de artes marciales	artes marciales|judo|kÃ¡rate|taekwondo|uniforme de artes marciales
ğŸ¥Œ	piedra de curling	juego|piedra de curling|roca
ğŸ¥	lacrosse	bola|lacrosse|palo|pelota|raqueta
ğŸ¥	pelota de softball	bola|pelota|pelota de softball|softball
ğŸ¥	disco volador	disco|disco volador|frisbee
ğŸ¥	cruasÃ¡n	bollo|comida|croissant|cruasÃ¡n|francÃ©s
ğŸ¥‘	aguacate	aguacate|comida|fruta
ğŸ¥’	pepino	comida|pepinillo|pepino|verdura
ğŸ¥“	beicon	bacon|beicon|carne|comida|panceta
ğŸ¥”	patata	comida|papa|patata|verdura
ğŸ¥•	zanahoria	comida|verdura|zanahoria
ğŸ¥–	baguete	baguete|baguette|barra|comida|francÃ©s|pan
ğŸ¥—	ensalada	bol|comida|ensalada|verde
ğŸ¥˜	paella	arroz|comida|paella
ğŸ¥™	pan relleno	comida|durum|falafel|kebab|pan de pita|pan relleno
ğŸ¥š	huevo	comida|huevo
ğŸ¥›	vaso de leche	bebida|leche|vaso|vaso de leche
ğŸ¥œ	cacahuetes	cacahuete|cacahuetes|comida|fruto seco|verdura
ğŸ¥	kiwi	comida|fruta|kiwi
ğŸ¥	tortitas	comida|dulce|pancakes|postre|tortita|tortitas
ğŸ¥Ÿ	dumpling	comida|dumpling|gyÅza|jiaozi|masa
ğŸ¥ 	galleta de la fortuna	adivinaciÃ³n|galleta de la fortuna|profecÃ­a|supersticiÃ³n
ğŸ¥¡	caja para llevar	caja para llevar|recipiente para llevar|restaurante
ğŸ¥¢	palillos	cubiertos|hashi|palillos
ğŸ¥£	cuenco con cuchara	cereal|cuenco con cuchara|desayuno
ğŸ¥¤	vaso con pajita	refresco|vaso con pajita|zumo
ğŸ¥¥	coco	coco|palmera|piÃ±a colada
ğŸ¥¦	brÃ³coli	brÃ³coli|col|repollo
ğŸ¥§	pastel	masa|pastel|relleno
ğŸ¥¨	bretzel	bretzel|galleta salada|pretzel
ğŸ¥©	corte de carne	carne|chuleta|corte de carne|filete
ğŸ¥ª	sÃ¡ndwich	bocadillo|bocata|emparedado|sÃ¡ndwich
ğŸ¥«	comida enlatada	comida enlatada|conserva|lata
ğŸ¥¬	verdura de hoja verde	bok choy|col|kale|lechuga|pak choi|verdura de hoja verde
ğŸ¥­	mango	fruta|mango|tropical
ğŸ¥®	pastel de luna	festival|luna|otoÃ±o|pastel de luna|yuebing
ğŸ¥¯	bagel	bagel|bocadillo|pan|panaderÃ­a
ğŸ¥°	cara sonriendo con corazones	adorar|amor|cara sonriendo con corazones|corazones|enamorada|enamorado
ğŸ¥±	cara de bostezo	aburrido|bostezo|cansado|cara de bostezo|dormido|sueÃ±o
ğŸ¥²	cara sonriente con lÃ¡grima	agradecido|aliviado|cara sonriente con lÃ¡grima|emocionado|lÃ¡grima|orgulloso|sonrisa
ğŸ¥³	cara de fiesta	capirote|cara de fiesta|celebraciÃ³n|fiesta|gorro|matasuegras
ğŸ¥´	cara de grogui	atontado|cara de grogui|entonado|grogui|intoxicado|mareado
ğŸ¥µ	cara con calor	calor|cara con calor|cara roja|fiebre|golpe de calor|sudor
ğŸ¥¶	cara con frÃ­o	cara con frÃ­o|cara congelada|congelado|frÃ­o|helado
ğŸ¥·	ninja	furtivo|guerrero|luchador|ninja|oculto|sigilo
ğŸ¥¸	cara disfrazada	cara disfrazada|careta|disfraz|disimulo|gafas|incÃ³gnito|nariz
ğŸ¥¹	cara aguantÃ¡ndose las lÃ¡grimas	cara aguantÃ¡ndose las lÃ¡grimas|emociÃ³n|emocionado|llorar|orgulloso|resistir|triste
ğŸ¥º	cara suplicante	cara suplicante|implorar|ojos adorables|piedad|por favor
ğŸ¥»	sari	prenda|ropa|sari|vestido
ğŸ¥¼	bata de laboratorio	bata de laboratorio|cientÃ­fico|doctor|experimento|mÃ©dico
ğŸ¥½	gafas de protecciÃ³n	gafas|gafas de protecciÃ³n|nadar|protecciÃ³n ocular|soldar
ğŸ¥¾	bota de senderismo	bota|bota de senderismo|camping|mochilero|senderismo
ğŸ¥¿	bailarina	bailarina|calzado|zapato
ğŸ¦€	cangrejo	animal|cÃ¡ncer|cangrejo|zodiaco
ğŸ¦	leÃ³n	cara|leo|leÃ³n|zodiaco
ğŸ¦‚	escorpiÃ³n	escorpio|escorpiÃ³n|zodiaco
ğŸ¦ƒ	pavo	ave|pavo
ğŸ¦„	unicornio	cara|unicornio
ğŸ¦…	Ã¡guila	Ã¡guila|ave
ğŸ¦†	pato	ave|pato
ğŸ¦‡	murciÃ©lago	murciÃ©lago|vampiro
ğŸ¦ˆ	tiburÃ³n	pez|tiburÃ³n
ğŸ¦‰	bÃºho	ave|bÃºho|lechuza|pÃ¡jaro
ğŸ¦Š	zorro	cara|zorro
ğŸ¦‹	mariposa	bonito|insecto|mariposa
ğŸ¦Œ	ciervo	bambi|cervatillo|ciervo
ğŸ¦	gorila	gorila|primate|simio
ğŸ¦	lagarto	lagartija|lagarto|reptil
ğŸ¦	rinoceronte	paquidermo|rinoceronte
ğŸ¦	gamba	camarÃ³n|comida|gamba|langostino|marisco
ğŸ¦‘	calamar	calamar|comida|molusco
ğŸ¦’	jirafa	jirafa|manchas
ğŸ¦“	cebra	cebra|raya
ğŸ¦”	erizo	erizo|espinas|pÃºas
ğŸ¦•	saurÃ³podo	braquiosaurio|brontosaurio|diplodocus|saurÃ³podo
ğŸ¦–	t-rex	t-rex|tiranosaurio|tiranosaurio rex
ğŸ¦—	grillo	grillo|saltamontes
ğŸ¦˜	canguro	canguro|marsupial|saltar|salto
ğŸ¦™	llama	alpaca|guanaco|lana|llama|vicuÃ±a
ğŸ¦š	pavo real	ave|orgulloso|pavo|pavo real|plumas
ğŸ¦›	hipopÃ³tamo	hipopÃ³tamo|paquidermo
ğŸ¦œ	loro	ave|hablar|loro|papagayo|pirata
ğŸ¦	mapache	astuto|curioso|ladino|mapache|maquillaje|ojeras
ğŸ¦	bogavante	bogavante|langosta|marisco|pinzas
ğŸ¦Ÿ	mosquito	fiebre|insecto|malaria|mosquito|virus
ğŸ¦ 	microbio	ameba|bacteria|germen|microbio|virus
ğŸ¦¡	tejÃ³n	ratel|tejÃ³n|tejÃ³n de la miel|tejÃ³n melero
ğŸ¦¢	cisne	ave|cisne|patito feo
ğŸ¦£	mamut	colmillo|extinguido|lanudo|mamut
ğŸ¦¤	dodo	ave|dodo|dronte|extinguido|Mauricio|pÃ¡jaro
ğŸ¦¥	perezoso	gandul|lento|perezoso|vago
ğŸ¦¦	nutria	bromista|juguetÃ³n|nutria|pesca
ğŸ¦§	orangutÃ¡n	mono|orangutÃ¡n|primate|simio
ğŸ¦¨	mofeta	apestar|hedor|mal olor|mofeta|peste|tufo
ğŸ¦©	flamenco	extravangante|flamenco|ostentoso|tropical
ğŸ¦ª	ostra	buceo|ostra|perla
ğŸ¦«	castor	castor|roedor
ğŸ¦¬	bisonte	bisonte|bÃºfalo|cÃ­bolo
ğŸ¦­	foca	foca|leÃ³n marino
ğŸ¦®	perro guÃ­a	accesibilidad|ciego|guÃ­a|invidente|lazarillo|perro guÃ­a
ğŸ¦¯	bastÃ³n	accesibilidad|bastÃ³n|ceguera|ciega|ciego|invidente
ğŸ¦´	hueso	esqueleto|hueso
ğŸ¦µ	pierna	extremidad|patada|pierna
ğŸ¦¶	pie	patada|pie|pisotÃ³n
ğŸ¦·	diente	dentista|diente|molar|muela
ğŸ¦¸	personaje de superhÃ©roe	bien|hÃ©roe|heroÃ­na|personaje de superhÃ©roe|superhÃ©roe|superheroÃ­na|superpoder
ğŸ¦¹	personaje de supervillano	mal|personaje de supervillano|superpoder|supervillana|supervillano|villana|villano
ğŸ¦º	chaleco de seguridad	chaleco|chaleco de seguridad|emergencia|seguridad
ğŸ¦»	oreja con audÃ­fono	accesibilidad|audÃ­fono|oreja con audÃ­fono|prÃ³tesis auditiva|sordo
ğŸ¦¼	silla de ruedas elÃ©ctrica	accesibilidad|silla de ruedas elÃ©ctrica
ğŸ¦½	silla de ruedas manual	accesibilidad|silla de ruedas manual
ğŸ¦¾	brazo mecÃ¡nico	accesibilidad|brazo mecÃ¡nico|ortopedia|prÃ³tesis
ğŸ¦¿	pierna mecÃ¡nica	accesibilidad|ortopedia|pierna mecÃ¡nica|prÃ³tesis
ğŸ§€	cuÃ±a de queso	cuÃ±a|cuÃ±a de queso|queso|trozo
ğŸ§	magdalena	cupcake|dulce|magdalena|reposterÃ­a
ğŸ§‚	sal	condimento|sal|salero
ğŸ§ƒ	tetrabrik	brick|cartÃ³n|envase|tetrabrik|zumo
ğŸ§„	ajo	ajo|condimento|vampiro
ğŸ§…	cebolla	cebolla|condimento|llorar
ğŸ§†	falafel	albÃ³ndiga|falafel|garbanzo
ğŸ§‡	gofre	gofre|waffle
ğŸ§ˆ	mantequilla	lÃ¡cteo|mantequilla
ğŸ§‰	mate	bebida|infusiÃ³n|mate
ğŸ§Š	cubito de hielo	cubito de hielo|frÃ­o|iceberg
ğŸ§‹	tÃ© de burbujas	boba|bubble tea|burbuja|leche|perla|tÃ©|tÃ© de burbujas
ğŸ§Œ	trol	cuento de hadas|fantasÃ­a|monstruo|trol
ğŸ§	persona de pie	de pie|levantada|levantado|levantarse|persona de pie
ğŸ§	persona de rodillas	arrodillada|arrodillado|arrodillarse|de rodillas|persona de rodillas
ğŸ§	persona sorda	accesibilidad|escuchar|oÃ­do|oÃ­r|persona sorda|sordera
ğŸ§	cara con monÃ³culo	aristocrÃ¡tico|cara con monÃ³culo|estirado
ğŸ§‘	persona adulta	gÃ©nero|neutro|persona adulta
ğŸ§‘â€ğŸŒ¾	profesional de la agricultura	agricultor|cultivador|granjero|jardinero|labrador|profesional de la agricultura
ğŸ§‘â€ğŸ³	chef	chef|cocinero|cocinillas|guisandero|pinche
ğŸ§‘â€ğŸ¼	persona alimentando a bebÃ©	alimentar|amamantar|bebÃ©|lactancia|persona|persona alimentando a bebÃ©
ğŸ§‘â€ğŸ„	Noel	celebraciÃ³n|claus|cuento|fantasÃ­a|feliz|fiestas|Navidad|Noel|santa
ğŸ§‘â€ğŸ“	estudiante	estudiante|graduado|licenciado|universitario
ğŸ§‘â€ğŸ¤	cantante	artista|cantante|estrella|rock
ğŸ§‘â€ğŸ¨	artista	artista|paleta|pintor|pinturas
ğŸ§‘â€ğŸ«	docente	docente|educador|enseÃ±anza|instructor|maestro|profesor
ğŸ§‘â€ğŸ­	profesional industrial	fÃ¡brica|montaje|obrero|operario|profesional industrial|trabajador
ğŸ§‘â€ğŸ’»	profesional de la tecnologÃ­a	desarrollador|informÃ¡tico|profesional de la tecnologÃ­a|programador|software|tecnÃ³logo
ğŸ§‘â€ğŸ’¼	oficinista	arquitecto|director|ejecutivo|empresa|oficinista
ğŸ§‘â€ğŸ”§	profesional de la mecÃ¡nica	electricista|fontanero|mecÃ¡nico|operario|profesional de la mecÃ¡nica|tÃ©cnico
ğŸ§‘â€ğŸ”¬	profesional de la ciencia	biÃ³logo|cientÃ­fico|fÃ­sico|investigador|profesional de la ciencia|quÃ­mico
ğŸ§‘â€ğŸš€	astronauta	astronauta|cohete|espacio
ğŸ§‘â€ğŸš’	bombero	bombero|camiÃ³n|manguera
ğŸ§‘â€ğŸ¤â€ğŸ§‘	dos personas de la mano	dos personas de la mano|mano|pareja|persona
ğŸ§‘â€ğŸ¦¯	persona con bastÃ³n	accesibilidad|ciego|invidente|persona con bastÃ³n
ğŸ§‘â€ğŸ¦¼	persona en silla de ruedas elÃ©ctrica	accesibilidad|persona en silla de ruedas elÃ©ctrica|silla de ruedas
ğŸ§‘â€ğŸ¦½	persona en silla de ruedas manual	accesibilidad|persona en silla de ruedas manual|silla de ruedas
ğŸ§‘â€ğŸ§‘â€ğŸ§’	familia: adulto, adulto, niÃ±o	adulto|familia|niÃ±o
ğŸ§‘â€ğŸ§‘â€ğŸ§’â€ğŸ§’	familia: adulto, adulto, niÃ±o, niÃ±o	adulto|familia|niÃ±o
ğŸ§‘â€ğŸ§’	familia: adulto, niÃ±o	adulto|familia|niÃ±o
ğŸ§‘â€ğŸ§’â€ğŸ§’	familia: adulto, niÃ±o, niÃ±o	adulto|familia|niÃ±o
ğŸ§’	infante	crÃ­o|gÃ©nero|infante|joven|neutro
ğŸ§“	persona mayor	adulto|gÃ©nero neutro|gÃ©nero no especificado|maduro|mayor|persona mayor
ğŸ§”	persona con barba	barbas|barbudo|persona|persona con barba
ğŸ§•	mujer con hiyab	hiyab|mujer con hiyab|paÃ±uelo
ğŸ§–	persona en una sauna	persona en una sauna|sauna|vapor
ğŸ§—	persona escalando	alpinista|escalador|persona escalando
ğŸ§˜	persona en posiciÃ³n de loto	meditaciÃ³n|persona en posiciÃ³n de loto|yoga
ğŸ§™	persona maga	bruja|brujo|hechicera|hechicero|persona maga
ğŸ§š	hada	campanilla|hada|oberÃ³n|puck|titania
ğŸ§›	vampiro	drÃ¡cula|muerto viviente|no muerto|vampiro
ğŸ§œ	persona sirena	persona sirena|sirena|tritÃ³n
ğŸ§	elfo	elfo|mÃ¡gico
ğŸ§	genio	genio|lÃ¡mpara
ğŸ§Ÿ	zombi	muerto viviente|no muerto|zombi
ğŸ§ 	cerebro	cerebro|inteligente
ğŸ§¡	corazÃ³n naranja	corazÃ³n|emociÃ³n|naranja
ğŸ§¢	gorra con visera	bÃ©isbol|gorra|gorra con visera|visera
ğŸ§£	bufanda	abrigo|bufanda|cuello
ğŸ§¤	guantes	guantes|mano
ğŸ§¥	abrigo	abrigo|chaquetÃ³n
ğŸ§¦	calcetines	calcetines|pies|ropa
ğŸ§§	sobre rojo	buena suerte|hÃ³ngbÄo|lai see|regalo|sobre rojo
ğŸ§¨	petardo	dinamita|explosivo|fuegos artificiales|petardo
ğŸ§©	pieza de puzle	conectar|pieza|pieza de puzle|pista|puzle|rompecabezas
ğŸ§ª	tubo de ensayo	ciencia|experimento|laboratorio|quÃ­mica|quÃ­mico|tubo de ensayo
ğŸ§«	placa de petri	bacterias|biologÃ­a|biÃ³logo|cultivo|laboratorio|placa de petri
ğŸ§¬	adn	adn|biÃ³logo|evoluciÃ³n|gen|genÃ©tica|vida
ğŸ§­	brÃºjula	brÃºjula|compÃ¡s|magnÃ©tico|navegaciÃ³n|orientaciÃ³n
ğŸ§®	Ã¡baco	Ã¡baco|cÃ¡lculo|contar|matemÃ¡ticas
ğŸ§¯	extintor	apagar|extinguir|extintor|incendio
ğŸ§°	caja de herramientas	armario|caja de herramientas|herramienta|mecÃ¡nico
ğŸ§±	ladrillo	arcilla|cemento|ladrillo|muro|pared
ğŸ§²	imÃ¡n	atracciÃ³n|herradura|imÃ¡n|magnÃ©tico
ğŸ§³	equipaje	equipaje|maleta|viajar
ğŸ§´	bote de crema	bote de crema|champÃº|crema|hidratante|protector solar
ğŸ§µ	hilo	aguja|carrete|coser|costura|hilo
ğŸ§¶	ovillo	bola|crochÃ©|ovillo|punto|tejer
ğŸ§·	imperdible	imperdible|paÃ±al|punk rock
ğŸ§¸	osito de peluche	juguete|osito de peluche|oso|peluche
ğŸ§¹	escoba	barrer|bruja|escoba|fregar
ğŸ§º	cesta	cesta|colada|cosecha|pÃ­cnic
ğŸ§»	rollo de papel	papel absorbente|papel higiÃ©nico|rollo de papel
ğŸ§¼	jabÃ³n	baÃ±arse|enjabonarse|jabÃ³n|jabonera|lavarse|pastilla
ğŸ§½	esponja	absorbente|esponja|limpiar|poroso
ğŸ§¾	recibo	contabilidad|prueba|recibo|tenedurÃ­a de libros|testimonio
ğŸ§¿	ojo turco	amuleto|mal de ojo|nazar|ojo turco|talismÃ¡n
ğŸ©°	zapatillas de ballet	bailar|balÃ©|ballet|danza|zapatillas de ballet
ğŸ©±	traje de baÃ±o de una pieza	baÃ±ador|traje de baÃ±o de una pieza
ğŸ©²	ropa interior	baÃ±ador|bragas|braguitas|calzoncillos|ropa interior|slip
ğŸ©³	pantalones cortos	baÃ±ador|bermudas|calzoncillos|pantalones cortos|ropa interior|shorts
ğŸ©´	chancla	chancla|chancla de dedo|chancleta|chinela|sandalia
ğŸ©µ	corazÃ³n azul claro	azul|celeste|ciÃ¡n|claro|corazÃ³n
ğŸ©¶	corazÃ³n gris	corazÃ³n|gris|pizarra|plata
ğŸ©·	corazÃ³n rosa	amor|bonito|corazÃ³n|gustar|rosa
ğŸ©¸	gota de sangre	donaciÃ³n de sangre|donar sangre|gota de sangre|herida|medicina|sangre
ğŸ©¹	tirita	apÃ³sito|tirita
ğŸ©º	estetoscopio	corazÃ³n|doctor|estetoscopio|fonendoscopio|latido|medicina|mÃ©dico
ğŸ©»	radiografÃ­a	doctor|doctora|esqueleto|huesos|mÃ©dico|radiografÃ­a|rayos
ğŸ©¼	muleta	ayuda para la movilidad|bastÃ³n|discapacidad|lesiÃ³n|muleta|palo
ğŸª€	yoyÃ³	dieta|efecto|fluctuar|juguete|yoyÃ³
ğŸª	cometa	cometa|juguete|planear|viento|volar
ğŸª‚	paracaÃ­das	ala delta|paracaÃ­das|paracaidismo|paravela|volar
ğŸªƒ	bumerÃ¡n	boomerang|bumerÃ¡n|rebotar
ğŸª„	varita mÃ¡gica	bruja|hechicero|magia|mago|prestidigitaciÃ³n|varita|varita mÃ¡gica
ğŸª…	piÃ±ata	caballito|celebraciÃ³n|fiesta|piÃ±ata
ğŸª†	muÃ±eca rusa	babushka|mamushka|matrioska|muÃ±eca rusa|rusia
ğŸª‡	maracas	agitar|brasil|instrumento|maracas|movimiento|mÃºsica|percusiÃ³n
ğŸªˆ	flauta	flauta|flautÃ­n|instrumento|instrumento de viento madera|mÃºsica
ğŸª‰	arpa	amor|arpa|cupido|harpa|instrumento|mÃºsica|orquesta
ğŸª	pala	agujero|cavar|enterrar|excavar|hoyo|huerto|nieve|pala|planta
ğŸª	planeta con anillos	planeta con anillos|saturnino|saturno
ğŸª‘	silla	asiento|sentarse|silla
ğŸª’	cuchilla de afeitar	afeitado|afeitar|afilado|barbero|cuchilla de afeitar|navaja
ğŸª“	hacha	cortar|dividir|hacha|hachuela|madera|talar
ğŸª”	lÃ¡mpara de aceite	aceite|diya|lÃ¡mpara|lÃ¡mpara de aceite
ğŸª•	banjo	banjo|banyo|cuerda|instrumento|mÃºsica
ğŸª–	casco militar	casco|casco militar|ejÃ©rcito|guerra|guerrero|soldado
ğŸª—	acordeÃ³n	acordeÃ³n|concertina
ğŸª˜	tamboril	conga|ritmo|tambor|tamboril
ğŸª™	moneda	dinero|metal|moneda|oro|plata|tesoro
ğŸªš	sierra de carpinterÃ­a	carpinterÃ­a|carpintero|herramienta|sierra|sierra de carpinterÃ­a|talar
ğŸª›	destornillador	atornillador|destornillador|herramienta|tornillo
ğŸªœ	escalera	escalar|escalera|escalerilla|escalÃ³n|peldaÃ±o
ğŸª	gancho	agarrar|anzuelo|atrapar|gancho|garfio
ğŸª	espejo	espÃ©culo|espejo|reflector|reflejo
ğŸªŸ	ventana	abertura|apertura|cristal|marco|transparente|ventana|vista
ğŸª 	desatascador	desatascador|fontanero|retrete|servicio|succiÃ³n
ğŸª¡	aguja de coser	aguja|aguja de coser|bordado|coser|hilar|punto|tejer
ğŸª¢	nudo	anudar|atar|enredar|nudo|trenzar
ğŸª£	cubo	balde|barreÃ±o|cuba|cubeta|cubo
ğŸª¤	trampa de ratones	cebo|cepo|engaÃ±ar|ratÃ³n|ratonera|trampa|trampa de ratones
ğŸª¥	cepillo de dientes	cepillo|cepillo de dientes|dental|higiene|limpio|servicio
ğŸª¦	lÃ¡pida	cementario|estela|lÃ¡pida|sepulcro|tumba
ğŸª§	letrero	anuncio|aviso|cartel|letrero|pancarta|poste
ğŸª¨	piedra	pedrusco|peÃ±a|peÃ±asco|piedra|roca
ğŸª©	bola de espejos	bailar|bola de espejos|brillar|disco|discoteca|fiesta
ğŸªª	carnÃ© de identidad	carnÃ© de conducir|carnÃ© de identidad|credenciales|identificaciÃ³n|permiso|seguridad
ğŸª«	baterÃ­a baja	baterÃ­a|baterÃ­a baja|carga baja|electrÃ³nico|energÃ­a baja|pila
ğŸª¬	hamsa	amuleto|FÃ¡tima|hamsa|jamsa|mano|MarÃ­a|Miriam
ğŸª­	abanico abierto	abanico|abanico abierto|airear|bailar|calor|feria|flamenco
ğŸª®	peineta	afro|peine|peineta|pelo
ğŸª¯	khanda	khanda|religiÃ³n|sij|sijismo|sikh
ğŸª°	mosca	basura|bicho|mal olor|mosca|podrido
ğŸª±	gusano	gusano|lombriz|oruga|parÃ¡sito
ğŸª²	escarabajo	bicho|escarabajo|insecto
ğŸª³	cucaracha	alimaÃ±a|bicho|cucaracha|insecto|plaga
ğŸª´	planta de maceta	crecer|maceta|planta|planta de maceta|tiesto
ğŸªµ	madera	hoguera|leÃ±a|madera|madero|palos|tronco
ğŸª¶	pluma	ave|ligero|pÃ¡jaro|pluma|plumaje
ğŸª·	loto	budismo|flor|hinduismo|loto|pureza
ğŸª¸	coral	arrecife|coral|ocÃ©ano
ğŸª¹	nido vacÃ­o	anidaciÃ³n|anidamiento|anidar|nido vacÃ­o
ğŸªº	nido con huevos	anidaciÃ³n|anidamiento|anidar|nido con huevos
ğŸª»	campanilla	boca de dragÃ³n|campanilla|flor|jacinto|lavanda|lila|lupino
ğŸª¼	medusa	invertebrado|marino|medusa|picadura|picar
ğŸª½	ala	ala|Ã¡ngel|angelical|ave|mitologÃ­a|pÃ¡jaro|volar
ğŸª¾	Ã¡rbol sin hojas	Ã¡rbol|deshojado|estÃ©ril|invierno|madera|muerto|ramas|sequÃ­a|sin hojas|tronco
ğŸª¿	oca	ave|ganso|graznar|oca|pÃ¡jaro
ğŸ«€	corazÃ³n humano	anatomÃ­a|cardiologÃ­a|corazÃ³n|corazÃ³n humano|latido|Ã³rgano|pulso
ğŸ«	pulmones	exhalar|inhalar|Ã³rgano|pulmones|respiraciÃ³n|respirar
ğŸ«‚	personas abrazÃ¡ndose	abrazo|adiÃ³s|despedida|gracias|personas abrazÃ¡ndose|saludo
ğŸ«ƒ	hombre embarazado	barriga|embarazado|hinchado|hinchazÃ³n|hombre embarazado|inflado|lleno
ğŸ«„	persona embarazada	barriga|embarazo|gestaciÃ³n|hinchazÃ³n|persona embarazada
ğŸ«…	persona con corona	majestad|monarca|monarquÃ­a|noble|persona con corona|real|realeza
ğŸ«†	huella dactilar	delito|detective|forense|huella|huella dactilar|huella digital|identidad|misterio|rastro|seguridad
ğŸ«	alce	alce|animal|asta|ciervo canadiense|cuernos|mamÃ­fero|uapitÃ­
ğŸ«	burro	animal|asno|borrico|burro|mamÃ­fero|mula|terco
ğŸ«	arÃ¡ndanos	arÃ¡ndano|arÃ¡ndanos|azul|baya|frutos del bosque|mirtilo
ğŸ«‘	pimiento	ajÃ­|chile|morrÃ³n|pimiento|rojo|verdura
ğŸ«’	aceituna	aceituna|aperitivo|comida|oliva
ğŸ«“	pan sin levadura	arepa|naan|pan sin levadura|pita|tortilla
ğŸ«”	tamal	mejicano|mexicano|tamal|wrap
ğŸ«•	fondue	chocolate|fondue|olla|queso|suizo
ğŸ«–	tetera	bebida|infusiÃ³n|tÃ©|tetera
ğŸ«—	lÃ­quido derramÃ¡ndose	bebida|derramar|lÃ­quido derramÃ¡ndose|vacÃ­o|vaso|verter
ğŸ«˜	alubias	alubias|comida|habichuela roja|habichuelas|judÃ­a roja|judÃ­as|legumbre
ğŸ«™	tarro	almacenar|condimento|frasco|recipiente|salsa|tarro|vacÃ­o
ğŸ«š	raÃ­z de jengibre	cerveza|especia|garganta|raÃ­z|raÃ­z de jengibre
ğŸ«›	vaina	edamame|guisante|judÃ­as|legumbre|soja|vaina|verdura
ğŸ«œ	tÃºberculo comestible	chirivÃ­a|comida|ensalada|huerto|nabo|rÃ¡bano|raÃ­z|remolacha|vegetariano|verdura
ğŸ«Ÿ	salpicadura	gotear|lÃ­quido|mancha|manchar|pintura|salpicadura|salpicar|tinta
ğŸ« 	cara derritiÃ©ndose	calor|cara derritiÃ©ndose|derretido|derretirse|desaparecer|fundirse|lÃ­quido
ğŸ«¡	cara saludando	cara saludando|ejÃ©rcito|orden|saludo|sÃ­|sol|vale
ğŸ«¢	cara con ojos abiertos y boca tapada	alucinar|asombro|cara con ojos abiertos y boca tapada|increÃ­ble|sorpresa|vergÃ¼enza
ğŸ«£	cara tapada con ojo espiando	cara tapada con ojo espiando|espiar|fascinado|mirar|vistazo
ğŸ«¤	cara con boca diagonal	cara con boca diagonal|decepciÃ³n|decepcionado|escÃ©ptico|inseguro|jo|vaya
ğŸ«¥	cara con lÃ­nea de puntos	cara con lÃ­nea de puntos|depresivo|deprimido|desaparecer|esconderse|introvertido|invisible
ğŸ«¦	labio mordido	ansioso|incÃ³modo|labio mordido|ligar|miedo|nervioso|preocupado
ğŸ«§	burbujas	bajo el agua|burbujas|eructar|jabÃ³n|limpiar
ğŸ«¨	cara temblorosa	cara temblorosa|shock|temblar|terremoto|vibrar
ğŸ«©	cara con ojeras	agotado|agotamiento|cansado|cansancio|cara|extenuaciÃ³n|extenuado|ojeras|ojos|sueÃ±o
ğŸ«°	mano con dedo Ã­ndice y pulgar cruzados	amor|caro|chasquido|corazÃ³n|dinero|mano con dedo Ã­ndice y pulgar cruzados
ğŸ«±	mano hacia la derecha	a la derecha|derecha|mano|mano hacia la derecha
ğŸ«²	mano hacia la izquierda	a la izquierda|izquierda|mano|mano hacia la izquierda
ğŸ«³	mano con la palma hacia abajo	bajar|descartar|fuera|mano con la palma hacia abajo|no|quita|rechazar
ğŸ«´	mano con la palma hacia arriba	acÃ©rcate|dame|mano con la palma hacia arriba|ofrecer|trae|ven
ğŸ«µ	dedo Ã­ndice apuntÃ¡ndote a ti	apuntar|dedo Ã­ndice apuntÃ¡ndote a ti|ti|tÃº
ğŸ«¶	manos formando un corazÃ³n	amor|manos formando un corazÃ³n
ğŸ«·	mano empujando hacia la izquierda	a la izquierda|choca esos cinco|detener|empujar|mano empujando hacia la izquierda|rechazar|stop
ğŸ«¸	mano empujando hacia la derecha	a la derecha|choca esos cinco|detener|empujar|mano empujando hacia la derecha|rechazar|stop
